nama;tanggal;ulasan;rating;sumber;Unnamed: 5;sentimen
goni gaus abdul razak;10/04/2026 16:51;jaringan sring putus nyambung;5;Google Play Store;;Netral
Pilun Apil;10/04/2026 00:36;bagus;5;Google Play Store;;Positif
Ryous SL.Tx.;09/04/2026 15:18;tolong di tambahkan pemulihan akun email berdasarkan code KIT milik pengguna... terima kasih...🙏🙏🙏;3;Google Play Store;;Positif
WEMFRIED M D;08/04/2026 13:35;Nice;5;Google Play Store;;Netral
Ruslan;07/04/2026 16:34;tolong d jawab. kenapa sekarang starling makin mahal bayaran. makin lemot anj;3;Google Play Store;;Negatif
Poco Boss;05/04/2026 01:25;Lemot sekali;1;Google Play Store;;Negatif
Abah Akbar;04/04/2026 07:09;kurang ngerti;3;Google Play Store;;Negatif
joni correia;03/04/2026 14:55;ok;5;Google Play Store;;Netral
bastiar pramana;02/04/2026 09:53;LAYANAN NOC YANG SANGAT BURUK SEMUA AKSES PENGADUAN DICOBA TAPI TIDAK ADA HASILNYA;1;Google Play Store;;Negatif
Masjidi Said;02/04/2026 09:09;josss;5;Google Play Store;;Netral
Agus Raja Timur;01/04/2026 08:23;ok sih tp gak lengkap data usage tdk ada jadi sulit lihat data pengeluaran;4;Google Play Store;;Negatif
Starlink;30/03/2026 23:23;ok banget;5;Google Play Store;;Netral
Dafa Dafa;24/03/2026 14:23;sangat bagus;5;Google Play Store;;Positif
Nopi Yarni;21/03/2026 13:48;baik;5;Google Play Store;;Positif
Agus Matuan. SE. MM;20/03/2026 11:20;sangat membantu;5;Google Play Store;;Positif
Akunku Akundia;20/03/2026 10:53;sangat bagus;5;Google Play Store;;Positif
Jhon Hendri1;19/03/2026 22:08;keren;5;Google Play Store;;Netral
Masri Kasehung;18/03/2026 02:54;sgt baik dan bermanfaat;5;Google Play Store;;Positif
Mat Gaming;17/03/2026 14:21;bagus;5;Google Play Store;;Positif
Yusak Mailani;14/03/2026 00:39;saya tertarik;5;Google Play Store;;Netral
Rius Enumbi;12/03/2026 08:15;bagus sekali;5;Google Play Store;;Positif
Patah Abdul;09/03/2026 20:03;👍👍👍;5;Google Play Store;;Netral
imam abdul aziz;06/03/2026 14:03;Lemot, saya pakai gen 2. Kecepatan rata2 100 mbps. Tidak sebanding dengan harganya. Paket residential;1;Google Play Store;;Netral
Narul Narullah;06/03/2026 03:54;good;5;Google Play Store;;Netral
Jainudin Hayat;05/03/2026 19:27;saya sangat berharap ada peningkatan layanan kecepatan pada paket Residensial;5;Google Play Store;;Positif
Delsaromurdikai123 murdi;05/03/2026 10:05;starlink paling ok untuk wifi dalam pelosok, biar pun gak ada akses jaringan tower, wifi starlink tetap bisa di pakai untuk jualan wifi voucheran, dan paling lancar sosmed dan ngegame;5;Google Play Store;;Positif
Pansur Kalteng;04/03/2026 15:11;produk nya sangat bagussss;5;Google Play Store;;Positif
Karno raja;04/03/2026 14:23;mantap;5;Google Play Store;;Netral
Anies Zaeful;02/03/2026 21:05;cukup puas;5;Google Play Store;;Netral
Arnoldus Hiwa;02/03/2026 16:54;mohon lebih di perbaiki jaringannya kadang jaringannya lari jauh dari titik roter;5;Google Play Store;;Netral
Ulagay Can;01/03/2026 07:36;good banget;5;Google Play Store;;Netral
Gles 90;28/02/2026 08:04;semoga anda cari di tmukan;4;Google Play Store;;Netral
Moch Nurhuda;27/02/2026 13:56;okee;5;Google Play Store;;Netral
Rein Samosir;26/02/2026 10:50;mohon ditambahkan fitur untuk membatasi pengguna;5;Google Play Store;;Negatif
Alexandro Jr;25/02/2026 13:09;good;5;Google Play Store;;Netral
Ahmad Efendi;24/02/2026 09:56;udah di update beberapa kali gagal masuk tapi seharusnya tidak tersedia di Indonesia kalau akunku tidak di temukan untuk login mohon perbaiki aplikasinya karena aku juga ingin aplikasi ini;1;Google Play Store;;Negatif
Blasius Gare;23/02/2026 11:29;untuk wifi starlink bagus kecepatan mencapai 240 mbs;5;Google Play Store;;Positif
Syamsuri Pode;21/02/2026 15:52;terbaik;5;Google Play Store;;Positif
Miko Alfikri;20/02/2026 16:37;gagal login;5;Google Play Store;;Negatif
Mercia de Almeida Carolino;20/02/2026 15:04;verry good😘😁;5;Google Play Store;;Netral
Novendi Arifin;20/02/2026 08:27;mantap;5;Google Play Store;;Netral
Ahmad Muhajirin;18/02/2026 04:16;hebat mantap josjis darderdor jospol mantap jempol, salam hormat Grak. 🫡;5;Google Play Store;;Positif
Hendri Saputra;18/02/2026 02:22;masih nge-bug. terkadang ada menu yg tidak bisa di klik (no respon). harus close app dulu. dan satu lagi, client yg tersambung ke wifi bisa reboot perangkat starlink tanpa login akun. tolong di fix;2;Google Play Store;;Negatif
abdulwafi yazid;16/02/2026 17:52;sejauh ini masih mantap.. namun ketika cuaca mendung koneksi sering drop;5;Google Play Store;;Negatif
Riki Bombes;16/02/2026 10:58;aplikasi ny diperbaiki lagi, tidak bisa jeda perangkat ilegal masuk, perangkat yg dijeda juga tidak bisa dibuka lagi;1;Google Play Store;;Netral
Nasrah Nasrah;13/02/2026 14:40;good joob,, starlink sangat membantu kami yg hidup di pelosok pulau borneo yg sangat susah jaringan internet, dgn ada nya starlink kami bisa menjangkau dunia yg luas dgn kekuatan sinyal internet yg kuat dan stabil;5;Google Play Store;;Positif
Tri Bagas Bantara;13/02/2026 00:14;terlepas dari jasa pengiriman yang lama dan tidak responsif, semuanya sangat hebat, internet sangat lancar, cepat, dan bisa diandalkan, terima kasih Starlink atas layanannya yang memuaskan, saran saya hanya satu, ganti ekspedisi pengiriman. sekali lagi terima kasih banyak ya!;5;Google Play Store;;Positif
erik setiono;11/02/2026 12:31;jaringan lancar walaupun cuaca hujan;5;Google Play Store;;Positif
Haerudin Sadek;10/02/2026 05:24;sangat membantu dalam proses urusan pribadi;5;Google Play Store;;Positif
Purnama Irawan;09/02/2026 15:01;kualitasnya makin buruk. youtube dan nonton streaming buffering, main game online lag.;1;Google Play Store;;Negatif
Helon Awang;09/02/2026 13:14;Bntu bagusin jringan di wilayah Kaltim (Kutai Timur) Udah bnyak yg pakai Starlink malah kecewa berat Krna hilang timbul signal.. udah 4 Bulan belakangan ini..;2;Google Play Store;;Negatif
Florianus Sunardi;09/02/2026 04:42;bagus;3;Google Play Store;;Positif
Timotius Bunawan;07/02/2026 04:27;WiFi berubah bagaimana untuk mengembalikannya mohon bantuannya;5;Google Play Store;;Positif
Darwis Abdul Samad;07/02/2026 04:00;mantap, mudah dan cepat dalam penggunaannya;5;Google Play Store;;Positif
Aris Bani;06/02/2026 02:51;Pekerjaan dimudahkan dengan jaringan Starlink;5;Google Play Store;;Positif
Taminus T Wakerkwa;05/02/2026 14:13;sangat bagus;5;Google Play Store;;Positif
Yudi Pata123;05/02/2026 03:17;cara kita kaitkan email itu gmna ya. soalnya punya saya tidak bisa masuk ke email;2;Google Play Store;;Negatif
Herma Wan;04/02/2026 06:23;untuk Imail Verifikasi tidak dikirim real-time. mohon bantuannya;5;Google Play Store;;Netral
Herman Mirin888;04/02/2026 01:27;apk starlink yang sangat membantu;5;Google Play Store;;Positif
Edwin Sut;02/02/2026 15:25;sinyalnya sampah makin kesini... dulu awal hujan badai normal, sekarang cerah aja ga ada jaringan 🤣;1;Google Play Store;;Negatif
Naila Mirza;31/01/2026 21:26;Sangat membatu buat kami di desa yg gak ada sinyal Telkomsel dan lain²;5;Google Play Store;;Negatif
Yupiter Yupiter;31/01/2026 01:03;terbaik;5;Google Play Store;;Positif
ZAINUDDIN S.Pd.I;29/01/2026 03:22;Luar biasa!;5;Google Play Store;;Negatif
Benny Nathanael;27/01/2026 10:48;Super;5;Google Play Store;;Positif
R4m4 HotSpot;26/01/2026 06:19;cukup memuaskan dan semoga tetap lancar dan aman jaringan starlink;5;Google Play Store;;Positif
Jhosafat dean anderson;26/01/2026 02:36;👍;5;Google Play Store;;Netral
Arin Hasan;24/01/2026 02:37;apk yg Bagus;5;Google Play Store;;Positif
Center Account;23/01/2026 16:25;Tolong perbaiki masalah login di aplikasi Starlink, Saya sudah mencoba berkali-kali tapi gagal terus, sedangkan di website bisa login;1;Google Play Store;;Negatif
Ines Tiwery;23/01/2026 13:09;Sangat baik;5;Google Play Store;;Positif
petrusdaniel ngongo;23/01/2026 01:14;mantap sekali;5;Google Play Store;;Netral
Sujarno Kuncung;22/01/2026 11:00;aku mau coba dulu;4;Google Play Store;;Netral
Dor Dar;18/01/2026 18:55;Di indo speed rata2 hanya sekitar 100Mbps kondisi langit clear dan speed jauh dari klaim di website, dengan perbandingan optik jelas menang di optik namun bila hanya ada telkom, mungkin lebih proper ke starlink;3;Google Play Store;;Netral
Eugene Takesi;14/01/2026 12:05;saya puas, pokonya mantap;5;Google Play Store;;Netral
saumantri 8181;13/01/2026 14:28;457 Mbps gila starlink;5;Google Play Store;;Negatif
Gerson Popoko;13/01/2026 11:04;please use Starlink;5;Google Play Store;;Netral
Saiful Sport91;13/01/2026 03:28;bagus;5;Google Play Store;;Positif
Yoga Pangestu;13/01/2026 02:54;"akun saya bermasalah mengapa saya tidak bisa mengubah peran saya sedangkan saya admin tiba"" terkunci di hanya baca??? administrasi susah di hubungin wa tidak ada tanggapan apakah seburuk ini tanggung jawab di Indonesia??? saya user Starlink ada 10 unit 8 di antaran terkunci hanya baca biaya yg saya keluarkan lebih dari 30 jt";1;Google Play Store;;Negatif
Farida;13/01/2026 00:11;kurang mantap;1;Google Play Store;;Negatif
saiful bahri;12/01/2026 15:33;mantap jaringan cepat;5;Google Play Store;;Positif
TenČrypT;12/01/2026 14:01;Keren sih make Starlink serasa punya satelit internet pribadi👍😎;5;Google Play Store;;Netral
Atn Mondo;11/01/2026 10:27;Luar biasa;5;Google Play Store;;Negatif
Andys Mauraga;10/01/2026 12:40;coba dulu;5;Google Play Store;;Netral
Nuckdom;09/01/2026 22:21;the best starlink;3;Google Play Store;;Netral
Deni luqman alhamzah;09/01/2026 09:36;soo good;5;Google Play Store;;Netral
Asi Subandi;09/01/2026 08:42;aplikasi nya bagus untuk kita lakukan dengan android yg penting;5;Google Play Store;;Positif
Muslem Muslem;07/01/2026 17:36;good;5;Google Play Store;;Netral
Jekson Yoktetimera;07/01/2026 03:52;mantap;5;Google Play Store;;Netral
Walid Huzairi;06/01/2026 01:03;semoga awet dan slalu jaya;5;Google Play Store;;Netral
Yudi Kurniawan;05/01/2026 14:27;mantap;5;Google Play Store;;Netral
Wan Phone cell;05/01/2026 09:12;mantap;5;Google Play Store;;Netral
Eliaser Nabuasa;05/01/2026 08:25;good;5;Google Play Store;;Netral
Rhid;04/01/2026 12:05;baik;4;Google Play Store;;Positif
Yaswan SamsungA56;04/01/2026 10:14;terimahkasih sangat rekomendasi;5;Google Play Store;;Positif
Musakkier Etc;03/01/2026 04:32;Sangat bagus untuk wilayah pegunungan;5;Google Play Store;;Positif
Melki Sau;02/01/2026 15:43;coba dulu;1;Google Play Store;;Netral
Wahyu Abdilla;02/01/2026 14:24;good starlink;5;Google Play Store;;Netral
MARUDUT MANURUNG;02/01/2026 13:21;jossd;5;Google Play Store;;Netral
Dimas Oscar;02/01/2026 07:08;sangat mudah dan bermanfaat;5;Google Play Store;;Positif
Ledy Naike;02/01/2026 06:33;aplikasi nya bagus banget 🎉;5;Google Play Store;;Positif
Tutotliar Chanel;01/01/2026 14:56;aplikasi ini membuat ke pengguna di beri akses terbatas seperti aplikasi game tidak bisa di buka sampai di blokir dan saya tidak bisa bermain game war robots dan game clash of clans membuatku sangat kecewa my device resmi not 8pro pulih data server redmi not 8pro saya agar saya bisa bermain kedua game tersebut menggunakan jaringan WiFi starlink ini lagi;1;Google Play Store;;Netral
Ramli Best Ok;01/01/2026 01:52;mohon petunjuk, cara penggantian unit baru;5;Google Play Store;;Negatif
Taruna Jaya;31/12/2025 09:46;sangat membantu di daerah plosok;5;Google Play Store;;Netral
MURTSID AL GANAWY Murtsid;30/12/2025 22:13;bagus;5;Google Play Store;;Positif
Jh Jg;29/12/2025 07:13;luar biasa;5;Google Play Store;;Negatif
Andi Irwan;28/12/2025 17:17;jaringan ini sangat membantu..;5;Google Play Store;;Positif
Inspeksi Gardu;27/12/2025 14:14;strlink mantal;5;Google Play Store;;Netral
kamaruddin nur;27/12/2025 11:40;luar biasa;5;Google Play Store;;Negatif
Putra Sumatra New;26/12/2025 14:52;sangat membantu;5;Google Play Store;;Positif
mendez tawwa;26/12/2025 14:27;mantap;5;Google Play Store;;Netral
Aditia Gunawan;26/12/2025 10:36;penggantian unit baru sdh berhasil di kirim dan sdh di pasang kembali dan sdh nyala iternetnya kembali,terima kasih atas cepatnya respon dari Starlink nya,sangat memuaskan;5;Google Play Store;;Positif
YT KAHISHA;25/12/2025 14:21;udah pakek hampir 6 bulan..joss mantap;5;Google Play Store;;Negatif
Affry Hardianto;25/12/2025 10:43;the best;5;Google Play Store;;Netral
Tolky Araujo martins;24/12/2025 23:51;rede starlink muito bem;5;Google Play Store;;Netral
MUSLIADI HUSEN_2;24/12/2025 13:14;mantap;5;Google Play Store;;Netral
Achmadmury Mulyamandea;24/12/2025 12:52;sangat membantu dalam semua aktivitas saat ini, terimakasih banyak sudah hadir di Indonesia;5;Google Play Store;;Positif
Wan Sohoi;24/12/2025 10:05;Excelent;5;Google Play Store;;Netral
djgrindland;23/12/2025 13:15;terdapat bug pada saat ingin change plan, saat memilih plan yang diinginkan untuk dibaca terlebih dahulu tapi aplikasi otomatis menutup deskripsi nya;4;Google Play Store;;Negatif
Atris Kiuk;23/12/2025 10:06;Starlink sangat bagus di kantor Desa untuk akses internet dengan mudah dan cepat.;5;Google Play Store;;Positif
andry blues;23/12/2025 09:54;nice;5;Google Play Store;;Netral
ABDUL HAMID KALIDUPA;22/12/2025 06:45;sangat bagus untuk membantu buat kebutuhan internet;5;Google Play Store;;Positif
MELVIN GAME;21/12/2025 23:20;starlink internet masa depan , agustus 2025 beli gen2 desember 2025 beli gen3 , lebih mantap gen2 serba otomatis tahan cuaca stabil dan topmatkotop , tapi untuk harga dan ringan bagus gen3 . terima kasih spacex .;5;Google Play Store;;Positif
FebriLeonnanta;21/12/2025 16:28;sangat membantu kami di kampung pelosok negri trimakasih starlink sudah masuk wilayah kami,semoga makin kedepan makin lancar.;5;Google Play Store;;Negatif
Joees Leta;21/12/2025 15:49;iya sangat memuaskan;5;Google Play Store;;Positif
Adjie Tafrihul;21/12/2025 13:42;kereeen;5;Google Play Store;;Negatif
jamansyah sirait;21/12/2025 11:40;Sangat membantu;5;Google Play Store;;Positif
andri yanto;21/12/2025 11:23;sangat membantu;5;Google Play Store;;Positif
MSB boyz;20/12/2025 14:40;sangat bagus;5;Google Play Store;;Positif
Filtor S;20/12/2025 11:17;sangat bermanfaat;5;Google Play Store;;Positif
GURU Tutorial;20/12/2025 10:26;koneksi bagus;5;Google Play Store;;Positif
Saintho toy;19/12/2025 12:36;sangat membantu dalam pekerjaan di dalam hutan.;5;Google Play Store;;Positif
Anto Anto;19/12/2025 07:00;biarlah bintang yang berbicara;5;Google Play Store;;Negatif
Isak Koromat;18/12/2025 23:22;mantap sekali;5;Google Play Store;;Netral
Rasik;17/12/2025 13:46;top;4;Google Play Store;;Positif
Zakaria Krisman;17/12/2025 12:41;sangat membantu pekerjaan;5;Google Play Store;;Positif
Yanto And Friends;16/12/2025 05:28;saya harap ada fitur berapa lama perangkat terhubung ke starlink;5;Google Play Store;;Netral
jamar gemini;16/12/2025 04:41;very good;5;Google Play Store;;Netral
Surti Talessy;16/12/2025 04:39;ok;5;Google Play Store;;Netral
Aerography Drone Kutim;15/12/2025 16:52;baik;5;Google Play Store;;Positif
Khair Khair;15/12/2025 16:01;semoga aman selalu;5;Google Play Store;;Positif
Hadi Eros;15/12/2025 11:56;sinyalnya baik dan lancar;5;Google Play Store;;Positif
Safri Ngadu;15/12/2025 05:17;sangat baik;5;Google Play Store;;Positif
Abang Lous;14/12/2025 14:11;good apk;5;Google Play Store;;Netral
Bang IR;14/12/2025 07:04;mantap;5;Google Play Store;;Netral
Daut Soko;13/12/2025 18:56;mantap;4;Google Play Store;;Netral
Andre Kebin;13/12/2025 16:58;mantebb;5;Google Play Store;;Netral
Kawi Kawox;13/12/2025 05:43;Bagus;5;Google Play Store;;Positif
Musa Rumbekwan;12/12/2025 13:52;is good;5;Google Play Store;;Netral
Aulia Rahman;12/12/2025 13:43;terbaik;5;Google Play Store;;Positif
RUSLY ROBO;12/12/2025 03:34;keren terbaiikk starlink memang membantu di semua dan seluruh penjuru daerah maupun negara yang tidak memiliki akses internet maupun jaringan satelit semoga menjadi sesuatu yang bermanfaat hingga seterusnya tanpa batas.. good job;5;Google Play Store;;Positif
Pemuda Dayak Pemuda Dayak Kalimantan Barat;11/12/2025 14:17;cocok untuk di daerah pelosok;5;Google Play Store;;Netral
Yayan Koswara;11/12/2025 09:41;aplikasinya udah bagus....fitur jeda perangkat yg sebelumnya tidak berfungsi sekarang sudah bisa, karna saya coba atur ulang ke pengaturan pabrik di aplikasi starlink dan berhasil👍👍👍;5;Google Play Store;;Positif
Kita Bisa;10/12/2025 20:55;kasih 4 bintang dlu;4;Google Play Store;;Negatif
Jumpit Agusetiono;10/12/2025 20:54;internet mahal jaringan sering hilang;1;Google Play Store;;Positif
wedwinrumihin rumihin;10/12/2025 04:27;verry good;5;Google Play Store;;Netral
Iskandar Tabligh;10/12/2025 02:20;mantap internet cepat;5;Google Play Store;;Positif
Jusmin S. Pd;09/12/2025 22:50;sangat puas;5;Google Play Store;;Netral
Syahril Galau;09/12/2025 12:24;oke lah mantap;5;Google Play Store;;Netral
Jur Jani34 official;09/12/2025 10:52;sangat membantu bagi kami yang belum tecaver jaringan fiber optic;5;Google Play Store;;Positif
Jasman Hadi;09/12/2025 03:47;dengan STARLINK gen 3 sangat keren dan juga sangat puas untuk saya. walaupun di lingkungan saya sangat banyak penghalang Tati tetap memutuskan.. sangat keren pokok nya. mantap 👍👍👍;5;Google Play Store;;Positif
Alhor Brs;09/12/2025 02:45;bagus buat oprasionanl;5;Google Play Store;;Positif
Fitra Mustapa;08/12/2025 12:09;sangat membantu;5;Google Play Store;;Positif
Ilham Ramadani;08/12/2025 11:06;cuaca buruk lumayan ngeleg;5;Google Play Store;;Netral
muhammad reza;07/12/2025 15:30;good;5;Google Play Store;;Netral
king luwu;06/12/2025 07:46;kalau bisa harga paketnya di turunkan lagi;5;Google Play Store;;Netral
Daniel Bubnina;05/12/2025 22:49;Singkat & PadatStarlink perlu fitur anti-scan barcode untuk WiFi supaya jaringan lebih aman;4;Google Play Store;;Negatif
Aditya Caesar Bagaskara;05/12/2025 08:47;good;5;Google Play Store;;Netral
Christian Makikama;05/12/2025 07:34;sulitnya menghubungi vs Starlink di Indonesia... nomor wa Starlink Indonesia tidak mereaponse chat atau telpon kita di jam kerja.;1;Google Play Store;;Negatif
Dimas Febri;04/12/2025 13:51;sangat membantu di saat bencana ini;5;Google Play Store;;Netral
Maurin Amtonis;04/12/2025 00:16;mempermudah dalam proses aktuvasi;5;Google Play Store;;Positif
erico pamri;02/12/2025 10:16;mantap;5;Google Play Store;;Netral
Mangkana Isyqi;01/12/2025 16:29;sangat sangat membantu;5;Google Play Store;;Positif
falen tinus;01/12/2025 15:08;mntap;5;Google Play Store;;Netral
Benny Adam;01/12/2025 13:06;mantap;5;Google Play Store;;Netral
Rekman Waruwu;01/12/2025 10:29;sangat mantap, signalnya tidak lelet;5;Google Play Store;;Negatif
Siti Zulaeha;01/12/2025 03:35;sangat terbantu dan kecepatan data yang bagus;5;Google Play Store;;Positif
Juanda Rido Esa Ndruru;01/12/2025 02:17;Sangat membantu;5;Google Play Store;;Positif
Faiz Nurwansyah;01/12/2025 01:43;saya hanya iseng mendaftar aplikasi ini karena mereka bilang mengratiskan koneksi gratis bagi korban bencana alam sumatra barat, walaupun daerah saya cukup banyak memakan korban mudah² an bisa cepat ditemukan;5;Google Play Store;;Positif
nando harsel;29/11/2025 16:53;mantap, recomended;5;Google Play Store;;Netral
Fatih aljadid;29/11/2025 09:36;✌️👍👍;5;Google Play Store;;Netral
Ahmad Akbar;26/11/2025 15:43;mantap;5;Google Play Store;;Netral
sman1 pantar;26/11/2025 06:19;Starlink TERBAIK;5;Google Play Store;;Positif
Ngkalay Lay;25/11/2025 20:44;siap;5;Google Play Store;;Positif
Muh Hasanuddin;25/11/2025 17:06;aman dan sangat baik jaringan di srgala medan dan cuaca;5;Google Play Store;;Positif
Erlandbsp89 Erlandbsp89;25/11/2025 10:12;sangat luar biasa membantu dalam kondisi apapun;5;Google Play Store;;Negatif
Mr Simple;25/11/2025 09:59;sangat sangat memuaskan dan sangat memanjakan pelanggan;5;Google Play Store;;Positif
Lisber Ibbe;25/11/2025 03:19;baik saja;5;Google Play Store;;Positif
Honey Husain;25/11/2025 02:37;sangat memuaskan apalagi kami yang berada di daerah 3T;5;Google Play Store;;Positif
La Bento;24/11/2025 20:42;mantap dan luar biasa...;5;Google Play Store;;Negatif
Reno Rensl;24/11/2025 09:43;mantap lancar;5;Google Play Store;;Netral
Urianto “Rian” Pak Krety;24/11/2025 07:44;sangat membantu orang2 yang jauh dari kata kemajuan dan sentuhan pemerintah.;5;Google Play Store;;Positif
PATRIC 88;24/11/2025 02:44;Sangat Baik;5;Google Play Store;;Positif
eanet chanel;23/11/2025 18:25;mantap;5;Google Play Store;;Netral
Dandi Gilang Ramadhan;23/11/2025 10:29;Awesome app!;5;Google Play Store;;Netral
YUNUS ANYEQ;23/11/2025 01:46;aplikasinya bagus, mudah dimengerti👍;5;Google Play Store;;Positif
Srigaya Efendi;23/11/2025 00:28;sangat bagus untuk area hutan;5;Google Play Store;;Positif
Teknisi CCTV;22/11/2025 23:46;Recommended;5;Google Play Store;;Netral
Tedi Udang;22/11/2025 21:46;terimakasih;5;Google Play Store;;Netral
Elektronic Anugerah;22/11/2025 05:37;sangat baik;5;Google Play Store;;Positif
Taufik Mutakin;21/11/2025 16:35;mantap;5;Google Play Store;;Netral
Junjungan Sihombing;21/11/2025 13:46;pengalaman online terbaik.;5;Google Play Store;;Positif
Lainkalogos Glamping;20/11/2025 12:45;sangat membantu kami di pulau;5;Google Play Store;;Positif
nanang setyawan;19/11/2025 21:55;Fast and Fast to Class Via Satellite;5;Google Play Store;;Netral
Ahmad Mujahidin;17/11/2025 10:03;Good Network;5;Google Play Store;;Netral
Anthoni Bongga Salu;17/11/2025 09:31;👍👍👍;5;Google Play Store;;Netral
Fajar Hulukati;17/11/2025 04:09;koneksi sangat baik, mohon terus di tingglatkan lagi;5;Google Play Store;;Positif
Anggri “Enk”;16/11/2025 15:22;good;5;Google Play Store;;Netral
Abdul Samad;16/11/2025 12:55;lumayan baik,mohon di tingkat kan lagi;3;Google Play Store;;Positif
Helmi Dawowo;15/11/2025 12:46;sangat bagus;4;Google Play Store;;Positif
BAJENX TUPAYY;15/11/2025 12:23;bagus;5;Google Play Store;;Positif
Sudrajat Wmx;14/11/2025 07:37;Penjelajah terbaik👍👍;5;Google Play Store;;Positif
Amarullah Sirap;14/11/2025 05:42;baik;5;Google Play Store;;Positif
Ris Kagansa;13/11/2025 22:12;mantap;4;Google Play Store;;Netral
Fernandus Sukarnoputra;13/11/2025 05:28;Perfect;5;Google Play Store;;Netral
Ivantri Ivan;13/11/2025 05:05;goodluck;5;Google Play Store;;Netral
Yopie Awad;13/11/2025 00:33;sangat bagus khusus kami yg dipelosok sangat2 membntu.. tangkapan nya luar biasa 👍👍;5;Google Play Store;;Negatif
ibc tarjun;12/11/2025 08:18;mantap;5;Google Play Store;;Netral
Yudi Kurniawan;12/11/2025 02:47;baik sekali;5;Google Play Store;;Positif
irwan tahir;10/11/2025 06:00;Starlink alat internet terbaik;5;Google Play Store;;Positif
PANJI HITAM 88;10/11/2025 03:34;good;5;Google Play Store;;Netral
Agus Yanti;10/11/2025 03:30;mantap;5;Google Play Store;;Netral
Edwin F;09/11/2025 15:58;Is The Best;5;Google Play Store;;Netral
Toko Permaya;09/11/2025 09:50;ngelag;1;Google Play Store;;Netral
PRASETYO_ OFFICIAL_PLG;08/11/2025 16:49;tolong ditambah tombol delete di pause device nya biar yg udh ter Pause bisa di hapus secara permanen di aplikasi, biar tidak menyusahkan untuk mengunpause 1per 1;3;Google Play Store;;Negatif
Aido;08/11/2025 13:50;sangat puas dengan sinyal yang di sediakan;5;Google Play Store;;Netral
Supardi;08/11/2025 12:33;sangat baik;4;Google Play Store;;Positif
Adi Hidayat;08/11/2025 03:00;sekarang tidak bisa mengontrol starlink saya dari jarak jauh, padahal diawal bisa. sayang sekali jika fitur ini tidak tersedia lagi 😪;3;Google Play Store;;Netral
Fajar Suryanto;07/11/2025 14:21;tidak bisa login akun di aplikasi, meskipun sudah di uninstall dan install kembali;5;Google Play Store;;Negatif
A Prim;07/11/2025 13:35;good;4;Google Play Store;;Netral
Urang Kampung;07/11/2025 02:06;untuk di pedesaan sangatlah bagus, tapi masih lumayan MAHAL untuk paket perbulan;5;Google Play Store;;Positif
Nasib Panggabean;06/11/2025 20:57;ok 👍🏽;5;Google Play Store;;Netral
Franco Baresi;06/11/2025 13:58;Terbaikkkkkk😎😎😎;5;Google Play Store;;Positif
arifin agus;06/11/2025 09:33;sangat baik....;5;Google Play Store;;Positif
Anadin Wong;06/11/2025 06:48;sangat memuaskan;5;Google Play Store;;Positif
Lucky Yalinap;06/11/2025 05:20;mantap;5;Google Play Store;;Netral
Khaerul Xulo;06/11/2025 04:09;Dengan Starlink urusan internet jadi nyaman 👍👍👍;5;Google Play Store;;Positif
Johan Saputra;05/11/2025 14:19;mudah2an lancar trus;5;Google Play Store;;Positif
Ega Permana;05/11/2025 08:50;lebih bagus kalo hujan ga jelek jaringan upgrade;5;Google Play Store;;Netral
Raden Naufal;05/11/2025 08:34;mantap gurih;5;Google Play Store;;Netral
Yoab Lengket;05/11/2025 02:09;mantul;5;Google Play Store;;Netral
Kacong Wafi;05/11/2025 00:59;ok;5;Google Play Store;;Netral
Inayah kumel;04/11/2025 09:47;bagus dan terbaik;5;Google Play Store;;Positif
dedi kurnia;04/11/2025 08:18;fitur mudah digunakan;5;Google Play Store;;Positif
muhammad suhaili;04/11/2025 04:26;baik;5;Google Play Store;;Positif
Berori Nur;04/11/2025 01:18;mantab om membantu yg terpencil. terimakasih banyak Starlink sudah membantu kami.;5;Google Play Store;;Positif
Wet papua;03/11/2025 06:26;mantap;5;Google Play Store;;Netral
SINAR BASKORO;02/11/2025 23:54;berfungsi dengan sangat baik;5;Google Play Store;;Positif
Mudiyono;02/11/2025 14:23;Sinyal internet yang bagus di manapun berada;5;Google Play Store;;Positif
Galaxy Joko;02/11/2025 01:23;cukup puas;1;Google Play Store;;Netral
roy mandagi;02/11/2025 00:08;mantap;5;Google Play Store;;Netral
Indra Mikael;01/11/2025 05:11;mantap di pedalaman;5;Google Play Store;;Netral
annisa alya;31/10/2025 07:35;saya tidak bisa melakukan pembayaran,saldo saya mencukupi,dan saya sudah melakukan pembayaran metode lain,dan juga lapor ke pihak bank;1;Google Play Store;;Negatif
Riyadi Tandra;30/10/2025 23:16;ini yang aku cari untuk daerah 3T;5;Google Play Store;;Netral
Zoya Cp;30/10/2025 16:21;sangat sangat bagus;5;Google Play Store;;Positif
Robert Pattinson;30/10/2025 15:58;Yah Thanks Developer. Berkat Aplikasi Ini Saya Mengakses Speed Internet Saya Secara pribadi. Thanks Developer ⭐⭐⭐⭐⭐;5;Google Play Store;;Positif
Pikri Pikri;30/10/2025 14:16;ok;5;Google Play Store;;Netral
Bayu Suderajat;30/10/2025 09:29;ok;5;Google Play Store;;Netral
andi zaddam;29/10/2025 06:07;nice;5;Google Play Store;;Netral
Jemmy george Kereh;29/10/2025 02:41;mantap;5;Google Play Store;;Netral
Fe'i Sabank;29/10/2025 00:16;Sangat puas dengan performa Starlink selama pemakaian kurang lebih 4 bulan ini🙏🏻👌🏻;5;Google Play Store;;Negatif
Djamal Pakaja;28/10/2025 10:49;sangat baik 👍;5;Google Play Store;;Positif
Tony Chandra;28/10/2025 10:07;bagus buat daerah yang tidak ada jaringan;5;Google Play Store;;Netral
Dedyk Eko P;27/10/2025 12:39;good;4;Google Play Store;;Netral
Cocopone;27/10/2025 01:35;pajri;5;Google Play Store;;Netral
Ihfan Pangestu31;26/10/2025 14:36;caranya gimna;5;Google Play Store;;Negatif
Dedi Irawan;26/10/2025 13:15;mantap;4;Google Play Store;;Netral
sis akbar;26/10/2025 10:01;mantap;5;Google Play Store;;Netral
J3 Ermayo;26/10/2025 07:52;kekurangan aplikasi ini, jika ada orang yang memiliki aplikasi ini juga dan pernah terhubung ke wifi Starlink, orang tersebut dapat me reboot router Starlink. sama seperti user pemilik Starlink atau router.;4;Google Play Store;;Negatif
Gus kirun;26/10/2025 05:21;bagus dan sangat baik;5;Google Play Store;;Positif
Sebastian maria Yolenta eta;26/10/2025 05:09;mantap;5;Google Play Store;;Netral
Tirsa Adit;26/10/2025 04:59;sedikit lambat internetnya;5;Google Play Store;;Negatif
Gading Kahar;25/10/2025 01:00;👍🏻👍🏻👍🏻👍🏻;5;Google Play Store;;Netral
Rudi Prihatin;21/10/2025 13:19;starlink sangat baik dan membantu sekali;5;Google Play Store;;Positif
Randy Randy;20/10/2025 13:15;bagus untuk daerah pedalaman yang susah internet. masih bisa kecepatan 100-200Mbps;5;Google Play Store;;Positif
Indrajaya Dwi H;20/10/2025 11:05;sangat memuaskan;5;Google Play Store;;Positif
Fajar sandi Laksmana;20/10/2025 09:33;mantap banget bosku;5;Google Play Store;;Netral
Muhammad Syahruddin;20/10/2025 01:17;mantap;5;Google Play Store;;Netral
Radja Booi;19/10/2025 15:16;rekomendasi;5;Google Play Store;;Positif
Ainul Satriadi;19/10/2025 14:07;layanan terbaik;5;Google Play Store;;Positif
dedi sumurubu;19/10/2025 13:19;sangat bagus;5;Google Play Store;;Positif
Alldy Stiawan;19/10/2025 12:38;di tingkatkan lagi masalah ganti plan yg masih mengecewakan masak harus tunggu 3 bulan baru boleh rubah plaan bisnis ke standar;5;Google Play Store;;Negatif
Iwan Jhon Frengki;19/10/2025 10:51;upload is very slow live cctv;5;Google Play Store;;Netral
Ali Budianto;18/10/2025 23:09;STARTING SANGAT BAGUS JARINGAN TERBAIK;5;Google Play Store;;Positif
habibi suito;18/10/2025 11:51;mantap...;5;Google Play Store;;Netral
Nurul Haq;18/10/2025 10:21;Puas dengan kecepatan internetnya, semoga tetap seperti itu terus walaupun pelanggan bertambah banyak;5;Google Play Store;;Positif
Rianus Simon;17/10/2025 04:57;jos;5;Google Play Store;;Netral
Felen Ahmad;17/10/2025 01:47;mantap;5;Google Play Store;;Netral
Fais Faisal;16/10/2025 12:47;susah masuk dengan imel;1;Google Play Store;;Netral
Putra Novmbr;16/10/2025 09:17;bnyk bug nya;1;Google Play Store;;Negatif
Marchel Numberi;16/10/2025 04:54;top one;5;Google Play Store;;Positif
Gamaliel Pisga;16/10/2025 01:40;Mantap... jaringanya ok;5;Google Play Store;;Positif
Muhammad Darwis;15/10/2025 22:19;good service;5;Google Play Store;;Netral
Anugrah Putra Setiawan;15/10/2025 01:34;Aplikasi yang luarbiasa;5;Google Play Store;;Negatif
Dionesius;14/10/2025 11:56;no comment,;5;Google Play Store;;Netral
Bernadus Kopong Tokan;14/10/2025 05:57;mantap dan terpercaya;5;Google Play Store;;Positif
yusrannagan;13/10/2025 15:17;moga awet;5;Google Play Store;;Netral
Bong Manu;13/10/2025 11:19;kenapa TDK bisa kasi masuk akun baru;5;Google Play Store;;Netral
Anang Marub;13/10/2025 04:15;bagus banget,sinyal kuat.;5;Google Play Store;;Positif
Udin 002;12/10/2025 23:47;keren;5;Google Play Store;;Netral
Ali Mutma'in;12/10/2025 02:36;mantap;5;Google Play Store;;Netral
Sudar Man;11/10/2025 22:21;spek;5;Google Play Store;;Netral
imam muflikhun;11/10/2025 16:12;"mantap. gada drama"" lagi..";5;Google Play Store;;Netral
Bcssn Bahdi;11/10/2025 07:35;mantap sekali;5;Google Play Store;;Netral
Katihara;10/10/2025 13:11;bagus dan bermanfaat;5;Google Play Store;;Positif
Yun Warkula;09/10/2025 03:36;mantabbbb;5;Google Play Store;;Positif
Iswandi 2708;08/10/2025 08:09;sangat memuaskan;5;Google Play Store;;Positif
Aghilo #21;08/10/2025 07:38;good;5;Google Play Store;;Netral
Anggi Widyanto;07/10/2025 10:27;oke;5;Google Play Store;;Netral
Mas Totok;07/10/2025 04:07;pakai Starlink sangat puas;5;Google Play Store;;Netral
DAYAT dayat;07/10/2025 01:57;Jossss;5;Google Play Store;;Netral
ANA IRAWATI;06/10/2025 21:29;cepet bgt;5;Google Play Store;;Netral
Ahmad Azhari;06/10/2025 13:20;kenapa login di aplikasi starlink tidak bisa, mohon penjelasannya;4;Google Play Store;;Negatif
Taufik Fadilah;06/10/2025 08:49;ok;4;Google Play Store;;Netral
Maxwel Sumala;05/10/2025 23:08;mantap;5;Google Play Store;;Netral
Narto Roso;05/10/2025 07:13;mantap;5;Google Play Store;;Netral
Cholib Sogiono;03/10/2025 14:41;starlink..... the best..... NO DEBAT;5;Google Play Store;;Netral
IKYY X;02/10/2025 13:15;iiyy;5;Google Play Store;;Netral
Muja Hidin;02/10/2025 12:14;kenapa perangkat tidak bisa di jeda;3;Google Play Store;;Netral
Deni Purba;02/10/2025 10:47;good;5;Google Play Store;;Netral
Rafid Dumai;02/10/2025 09:10;ok;5;Google Play Store;;Netral
Muhammad hamza;02/10/2025 09:03;sinyal bagus di mana saja tetap bisa;5;Google Play Store;;Positif
Paharuddin;02/10/2025 04:22;terbaik bosku;5;Google Play Store;;Positif
Firmansyahalvino Al;01/10/2025 05:07;mantapnya;5;Google Play Store;;Netral
Marpaung Bivo 1989;01/10/2025 02:24;good;5;Google Play Store;;Netral
Kamelia Spt;30/09/2025 22:02;mantap;5;Google Play Store;;Netral
Abdul Khalik;30/09/2025 20:00;bagus;5;Google Play Store;;Positif
Achmad Ronji;30/09/2025 15:34;bagus;5;Google Play Store;;Positif
Abd. Jalil H. Pulumoduyo;29/09/2025 23:00;𝚃𝚎𝚛𝚋𝚊𝚒𝚔;5;Google Play Store;;Netral
Amin Ngk;29/09/2025 03:23;sangat terbantu sekali makasih starlink;5;Google Play Store;;Negatif
Sardi Bakri;28/09/2025 13:41;mantap;5;Google Play Store;;Netral
suliadi setia;28/09/2025 09:33;TOP jaringan kuat tanpa hambatan;5;Google Play Store;;Netral
John Peter Ngo;28/09/2025 04:42;Sangat membantu, trims elon.;5;Google Play Store;;Positif
jep Official;28/09/2025 02:44;good👍;5;Google Play Store;;Netral
BELAJAR BERSAMA;28/09/2025 02:18;mantap sekali;5;Google Play Store;;Netral
witan lasido;27/09/2025 13:40;sangat memuaskan;5;Google Play Store;;Positif
zulia gib;26/09/2025 20:13;bagus;5;Google Play Store;;Positif
sona laut;26/09/2025 10:28;mantap buat kami di pelosok..;5;Google Play Store;;Negatif
Nova Yuspan;26/09/2025 07:48;mantap;5;Google Play Store;;Netral
Arfa Ramadan;26/09/2025 00:27;sangat terbantu makasih starlink;5;Google Play Store;;Negatif
Muhammad Iqbal;25/09/2025 10:00;membantu banget utk kita pelaut;5;Google Play Store;;Positif
rilla kuma;25/09/2025 02:43;kami sangat terbantu dengan adanya starlink. kampung kami yang dari dahulu terisolir, perkara sangat jauh dari bts dan di ujung gunung akhirnya bisa merasakan nikmatnya koneksi internet di kampung kami. thanks starlink;5;Google Play Store;;Negatif
Alfareza Syah;24/09/2025 14:36;good👍;5;Google Play Store;;Netral
Martin Saker;24/09/2025 14:05;Sangat membantu;5;Google Play Store;;Positif
maikfal mandalika;23/09/2025 13:41;nice;5;Google Play Store;;Netral
David Sambora;23/09/2025 11:34;gimana ini gak bisa bayar tagihan...tolong dibikin sistem deposit aja biar gampang;1;Google Play Store;;Netral
Hirmanto97;23/09/2025 11:20;mantapp jangan lupa pelaut ambil pakek jelajah unlimited pasti aman;5;Google Play Store;;Netral
Gun Welti;23/09/2025 08:21;Starlink Gen 3 V.4 Mantap;5;Google Play Store;;Netral
smoker mr;22/09/2025 23:41;gak bisa buka statistik;5;Google Play Store;;Negatif
HABIBUN IRWAN;22/09/2025 11:01;mantap;4;Google Play Store;;Netral
Juna Edi;22/09/2025 04:13;top markotop;5;Google Play Store;;Positif
Rafly Rsfky;21/09/2025 16:23;terbaik di seluruh dunia;5;Google Play Store;;Positif
Antonius SKM;19/09/2025 02:23;cara koneksi masih bingung;4;Google Play Store;;Negatif
Putra Daha;18/09/2025 14:20;Mantap ada nya srarlink sangat mambatu di desa terpancil, tolong kembangkan lagi kecapatan supaya di cuaca mandung dan hujan juga setabil lagi, tapa sakang ini sangat dan sangat mebatu samagat pokoknya starlink selalu di udara dan juga mantap.......;5;Google Play Store;;Negatif
Renal Reyn;18/09/2025 08:20;mantapp;5;Google Play Store;;Netral
Eduart Boling weni;17/09/2025 02:49;terima kasih elon musk, sudah membuat terobosan besar ini buat dunia kami sangat terbantu dengan starlink buatan anda ini. semoga Tuhan menyertai anda selamanya;5;Google Play Store;;Netral
Ari Fauzie;16/09/2025 23:31;bagus dah;5;Google Play Store;;Positif
Pra Tiwi;16/09/2025 10:40;the best👍;5;Google Play Store;;Netral
lusi susanti;16/09/2025 06:18;starlink sangat membantu utk kami d daerah 3 T;5;Google Play Store;;Positif
rahmad akbar;16/09/2025 04:16;login apk gk bisa2, error terus;1;Google Play Store;;Netral
Edwin Akbar;16/09/2025 02:12;starlink gen 3 is the best;5;Google Play Store;;Netral
Risalman Ical;15/09/2025 23:08;dengan mengunakan starlink jaringan saya jadi lancar, mau telepon keluarga tadak ada kendala. pokoknya starlink sangat membantu kami;5;Google Play Store;;Positif
Dhini Hari;15/09/2025 22:59;sangat puas;5;Google Play Store;;Netral
Yudokus Juk;15/09/2025 05:18;sangat memuaskan memakai applikasi starlink ini dan cukup sangat membantu, tanpa batasan pula;5;Google Play Store;;Positif
Yulius Kolo;15/09/2025 04:43;mantap jaringannya;5;Google Play Store;;Positif
Rifki Andika;15/09/2025 03:31;mantap, uptime layanan setara fiber,untuk throughput mantap juga,harga makin terjangkau,ada beberapa bug visual di bbrp device,saran tambahkan penghitungan rata2 per hari pada penggunaan data;4;Google Play Store;;Negatif
zainal pinrang;15/09/2025 03:24;mantap;5;Google Play Store;;Netral
ROZYMEDIA Official;14/09/2025 23:49;Starlink sangat membantu orang pelosok seperti kami;5;Google Play Store;;Positif
Jefferson Jefferson ly;14/09/2025 09:18;mantap, kadang juga terganggu, mungkin pengaruh cuaca setempat...;3;Google Play Store;;Negatif
Arieyani Tamrin;14/09/2025 07:47;Terbaik 👍🏼;5;Google Play Store;;Positif
Ndak Ken;13/09/2025 14:48;Terima kasih saya ucapkan kepada pihak Starlink dengan adanya layanan Starlink kami bisa menerima dan mengakses layanan internet terkhusus yang berada di pelosok/Desa yang mana sebalumnya tidak ada internet, namun sekarang sudah menikmati yang namanya internet karena berkat kehadiran Satarlink.;5;Google Play Store;;Positif
Bheta TV;13/09/2025 14:08;verifikasi lewat sms sampai 10000000 jam pun tidak ada 1 pun yang masuk, ini sistem apaan. spacex itu perusahaan besar tapi sistem verifikasi sms nya sangat bobrok, parah sangat parah;1;Google Play Store;;Negatif
Iwan Alexander;13/09/2025 11:24;good stuff;5;Google Play Store;;Netral
Rahmat Wahyudi;13/09/2025 04:26;nggak bisa masuk ke akun;1;Google Play Store;;Netral
Achmad Wahidin Bin Hadi.S;12/09/2025 08:00;very helpful;5;Google Play Store;;Netral
AKHMAD PONTIANAK PASIS ANGKATAN XXII;12/09/2025 01:38;tolong starlink jaringan nya diperbaiki,soalnya tarif pembayaran naik tpi jaringan sering putus2.trimakasih;5;Google Play Store;;Netral
ferdinan ronal;11/09/2025 14:46;sangat bagus;5;Google Play Store;;Positif
Fauzhy Jontoer;11/09/2025 03:26;respon kurang cepat;3;Google Play Store;;Netral
CHAIRIL ANWAR;10/09/2025 21:33;Mantap;5;Google Play Store;;Netral
Fazrul Rumakamar;10/09/2025 11:40;tidak bisa masuk;5;Google Play Store;;Negatif
Boedy Prasetyo;10/09/2025 03:54;Mantap;5;Google Play Store;;Netral
Ibnu Rizal;09/09/2025 16:48;sgt baik;5;Google Play Store;;Positif
Axel Pratama;09/09/2025 05:34;sangat puas menggunakan starlink untuk bisnis wifi hotspot voucher 👍👍👍 dan cocok untuk ketersediaan jaringan internet terkhusuas untuk kami yang tinggal d plosok negeri ini;5;Google Play Store;;Positif
Ozan Patiran;08/09/2025 16:55;mantap;5;Google Play Store;;Netral
Tamsir Mhaya;08/09/2025 15:23;ok;5;Google Play Store;;Netral
M Topik hidayah;08/09/2025 15:13;starlink mantap;5;Google Play Store;;Netral
Yusran Umalekhoa (Yus);08/09/2025 12:00;saya harap starlink selalu perhatikan dan lakukan apapun itu untuk meminimalisir latency yang buruk sehingga kami akan tetap bisa menggunakan starlink selama lamanya, tapi kami selalu sambut pemain baru jika pemain baru lebih bagus dari segi jaringan dan harga;5;Google Play Store;;Positif
Achel Lepertery;08/09/2025 11:07;Jaringan stabil;4;Google Play Store;;Positif
syahdin buton;08/09/2025 06:25;mantap 👍👍👍👍👍💯💯💯💯;5;Google Play Store;;Netral
halwa Tony;08/09/2025 04:35;starlink is the best;5;Google Play Store;;Netral
Ahmad Efendi;08/09/2025 02:55;tidak bisa login karena email tidak ditemukan;1;Google Play Store;;Negatif
Gem Py;07/09/2025 13:23;good;5;Google Play Store;;Netral
Jhanny EL-Jzillzan;07/09/2025 10:08;sangat bagus kualitasnya;5;Google Play Store;;Positif
Manggaprouw Paul;06/09/2025 18:06;KEREN;5;Google Play Store;;Netral
Lukman;06/09/2025 12:37;sekarang sudah bisa bayar pakai gopay;5;Google Play Store;;Netral
Putri Putri;06/09/2025 06:59;ok;5;Google Play Store;;Netral
parimin rostin;05/09/2025 12:11;starlink sangat membantu kami di pedalaman;5;Google Play Store;;Positif
Adiadi Mln;05/09/2025 08:55;starlink memang sangat memuaskan bagi penguna wifi;5;Google Play Store;;Positif
Abjones;04/09/2025 15:46;oke banget;5;Google Play Store;;Netral
christian agustinus karepouwan;04/09/2025 14:33;good;5;Google Play Store;;Netral
Zulham Efendi;04/09/2025 12:02;yg terbaik;5;Google Play Store;;Positif
Zea Simatupang;03/09/2025 22:51;mantap;5;Google Play Store;;Netral
ACHMAD SURI;03/09/2025 12:20;mantap;5;Google Play Store;;Netral
Sharent Manede;03/09/2025 10:25;Sempurna sangat memuaskan;5;Google Play Store;;Positif
Alvinjj Alvinjj;03/09/2025 09:22;sangat memuaskan;5;Google Play Store;;Positif
Alwin Dalanggo;03/09/2025 00:59;sangat baik;5;Google Play Store;;Positif
ALDI SAPTRA gagau;02/09/2025 15:40;merantau;5;Google Play Store;;Netral
Lintang 88;02/09/2025 11:34;Bisa kah bantu saya,,, Starlink saya Lupa Sandi !!! mohon segera ada bantuan buat saya 🙏🙏🙏;5;Google Play Store;;Netral
Juan Faya;02/09/2025 11:27;wow kencang;5;Google Play Store;;Positif
Trivandy Hsn;02/09/2025 10:21;👍🏻👍🏻👍🏻👍🏻👍🏻;5;Google Play Store;;Netral
Mulianto Basrin;02/09/2025 02:49;keren;5;Google Play Store;;Netral
rina 85;01/09/2025 21:44;sangat terbantu dan signal bagus lancar;5;Google Play Store;;Positif
Yadi Shanty;01/09/2025 16:35;jos;5;Google Play Store;;Netral
aity Siti;01/09/2025 13:27;tinggatkan lagi jaringan agar lebih stabil;5;Google Play Store;;Positif
Ajat Sudarjat;01/09/2025 10:22;bagus berguna;5;Google Play Store;;Positif
Jagatgirinoto adjiesoko;01/09/2025 07:19;kurang cepat;3;Google Play Store;;Netral
Abdul Warwey;01/09/2025 06:01;memang sangat cepat;4;Google Play Store;;Positif
Darrell Matthew;31/08/2025 20:12;Bila sudah sore, kecepatan turun hingga 2 smp mbps, klo malam jam 7 kecepatan bs smp 0.3 mbps. Kirain stabil kecepatannya, ternyata tidak, bl semakin byk pemakaian akan semakin lambat.;4;Google Play Store;;Netral
Aliya Ulfa jariah;31/08/2025 16:36;aplikasinya alhamdulillah bagus bngt;5;Google Play Store;;Positif
Saiful Hadi;30/08/2025 13:56;its very hard use my visa to confirm my monthly bill;1;Google Play Store;;Netral
Eti Aryanti;29/08/2025 22:57;practice and very simple to use,,good job for starlink,,succes;5;Google Play Store;;Netral
iymah caem;29/08/2025 14:38;sangat membantu di tempat yang tdk ada jaringan selular;5;Google Play Store;;Positif
Sugiarto Sugiarto;28/08/2025 14:30;lumanyan cepat;5;Google Play Store;;Positif
CERITA BOLA TV;28/08/2025 12:53;sangat membantu kami yang ada di pelosok desa;5;Google Play Store;;Netral
dedy alloy;27/08/2025 23:50;starlink luar biasa. masih bisa turun lagi kah, billing bulanannya?❤👍👍👍❤❤🙏🙏;5;Google Play Store;;Negatif
Tanpa Nama;27/08/2025 13:03;tolong di perbaharui , di buat bahasa indonesia;5;Google Play Store;;Netral
Warta Tunggal;27/08/2025 05:37;bayar 750k tiap bulan tapi kecepatan downlod cuma 1Mb/s apalah;4;Google Play Store;;Positif
dewa gede buda utama;26/08/2025 22:14;solusi alternatif;5;Google Play Store;;Netral
Andi Lolo Taqwa;26/08/2025 13:31;amazingly;5;Google Play Store;;Netral
agracio alin;26/08/2025 09:49;terbaik;5;Google Play Store;;Positif
Love Tobing19;25/08/2025 16:27;excellent;5;Google Play Store;;Netral
Khoirul anam;25/08/2025 15:49;mantap lancar jaya memakai starlink Internet lancar jalur langit;5;Google Play Store;;Netral
DEN VIN KUL;25/08/2025 14:56;tdk bisa mengalihkan ke aplikasi mobile ketika login akun Dari web;1;Google Play Store;;Negatif
tong dul chanel;25/08/2025 12:16;ok;5;Google Play Store;;Netral
Tommy Jri;25/08/2025 12:05;semoga tambah bagus lg;4;Google Play Store;;Positif
Chamamy Resthy;25/08/2025 03:28;jos;5;Google Play Store;;Netral
Iyan Patabang;25/08/2025 01:23;Mantap👍;4;Google Play Store;;Netral
Starlink Boven;24/08/2025 18:04;sangat baik;5;Google Play Store;;Positif
Eddyson Sitepu;24/08/2025 11:37;mantap;5;Google Play Store;;Netral
Hengky Arvi;24/08/2025 10:57;sangat mantap;5;Google Play Store;;Netral
Ihram Ihra;24/08/2025 07:09;semoga bermanfaat;5;Google Play Store;;Positif
Sulaiman Sulaiman;24/08/2025 06:39;Pemakaian luar biasa hanya sja pembelian data untuk orang ke 2 agak susah pengaturan nya;5;Google Play Store;;Negatif
Imaril Rusla;23/08/2025 12:48;koneksi bagus;5;Google Play Store;;Positif
Selfianus Maupula;23/08/2025 01:16;Jaringan Internet dari Wifi Starlink Sangat membantu kami di daerah Sulit dalam melaksanakan Pelaporan tugas dan tanggung jawab Rutin.;5;Google Play Store;;Positif
Ashad Saputra;23/08/2025 00:35;Kami yang berada di pedalaman sungguh terbantu dengan adanya starlink setidak nya kami bisa lancar internetnya dan sekarang kami tidak bingung mencari sinyal, karena untuk kecepatannya sudah sangat cukup stabil dan kencang.;5;Google Play Store;;Positif
Hamsah Baee;22/08/2025 19:47;sangat membantu ada nya strlink;5;Google Play Store;;Positif
Ikhlas Purwanto;22/08/2025 14:02;makasih;5;Google Play Store;;Negatif
Bambang Hermawan;22/08/2025 11:29;ok;5;Google Play Store;;Netral
Candra Wijaya;21/08/2025 15:54;sangat baik peformanya;5;Google Play Store;;Positif
nanieddyliu2;21/08/2025 09:27;penyelamat nyawa pejuang internet di kampung2 dan desa2 tertinggal.;5;Google Play Store;;Negatif
Fani Soraya;21/08/2025 09:11;Please make small antenne;5;Google Play Store;;Netral
Rhogas Rhoy;21/08/2025 08:09;sangat membantu kami di desa pelosok;5;Google Play Store;;Netral
Banyan “Banyan” Paulus romy;21/08/2025 05:37;bantuh saya agar bisa atif kn starling yng baru di beli.. klo bisa saya sangat banggah;5;Google Play Store;;Positif
Muh.Ridwan Hasan;21/08/2025 01:11;Nice,.....;5;Google Play Store;;Netral
Faisal Fatgehipon;20/08/2025 15:28;nice;5;Google Play Store;;Netral
sariani kolengsusu;20/08/2025 11:18;sangat luar biasa;5;Google Play Store;;Negatif
purdianto sanggau10;20/08/2025 04:39;semoga tetap lancar jaringan;5;Google Play Store;;Positif
Delius Wenda;20/08/2025 04:21;bagus;5;Google Play Store;;Positif
agung yogie;19/08/2025 23:18;good;5;Google Play Store;;Netral
Hek Er;19/08/2025 20:24;aku kasih bintang 5 moga aplikasi ini kompatibel dengan smartphone ini;5;Google Play Store;;Negatif
Rijal Sukriyawan;19/08/2025 04:50;aplikasi sangat membantu trksi;4;Google Play Store;;Positif
DJumrin S. Tolodo;19/08/2025 01:03;Good;5;Google Play Store;;Netral
Delius Edowai;19/08/2025 00:16;ok;5;Google Play Store;;Netral
Ciandy Agustinus;18/08/2025 13:13;Sempurna, lancar jaya, Internetnya gaspoll, mantap. Sangat recommended;5;Google Play Store;;Positif
BG Vansz;18/08/2025 07:52;TOLONG FIX KAN BUG JEDA/PAUSE, mau kasi stop akses internet org ga bisa bisa;3;Google Play Store;;Netral
Adhi Putra;18/08/2025 07:01;nice;5;Google Play Store;;Netral
Maya Waliulu;17/08/2025 15:45;baik;5;Google Play Store;;Positif
Agus Mahesa;17/08/2025 01:19;the best,cocok untuk daerah jaringan kurang stabil hanya,teks setting untuk bhs indo nya belum bisa bgi kami yg kurang ngerti bhs inggris..;5;Google Play Store;;Positif
Bilsamsung Flip;16/08/2025 09:02;pembayaran susah, visa mandiri saya ngga bisa di pakai. 3 bulan pertama bisa di pakai..akhirnya sekarang starlinknya di anggurin.;1;Google Play Store;;Netral
Sri nur Aulia;16/08/2025 07:34;oke 👍;4;Google Play Store;;Netral
Sukman Diva;15/08/2025 14:09;sangat puas;5;Google Play Store;;Netral
Awanda sugandar;14/08/2025 13:21;👍bagus;5;Google Play Store;;Positif
Eko Sugianto;14/08/2025 05:58;luar biasa kecepatannya sangat membantu aplikasi di puskesmas;5;Google Play Store;;Positif
Mujahid Mannan;13/08/2025 16:19;Untuk orang desa seperti kami, ini adalah kemewahan. Thanks.;5;Google Play Store;;Positif
Mas Saya fr;13/08/2025 14:01;mantapp starlinkk koneksi internet yang sempurna dan tercepat 👍;5;Google Play Store;;Positif
Kharina Wifi Hotspot;12/08/2025 10:50;ok;5;Google Play Store;;Netral
YAKOBUS M;12/08/2025 03:50;terbaik lah;5;Google Play Store;;Positif
Ferry Tewah;11/08/2025 15:56;mantaaaaaaappppppp;5;Google Play Store;;Netral
Anies Anies;10/08/2025 14:29;sangat baik;5;Google Play Store;;Positif
Deni Mulyana;10/08/2025 09:06;sangat bagus untuk di daerah yang tidak ada akeses internet sama sekali;5;Google Play Store;;Negatif
MUHAMMAD SOFIAN;10/08/2025 02:22;Starlink ini sangat membantu kami yang tinggal di jauh dari jangkauan fiber optik dan jaringan internet, karena daerah di wilayah rumah saya jaringan internet sangat buruk. Terimakasih dengan adanya starlink ini sangat bermanfaat dan membantu sekali, tapi saran kami semoga paket Residence lite didaerah kami mohon diturunkan harga karena di harga Rp. 479.000 masih mahal bagi kami disini. Terima kasih🙏😊;5;Google Play Store;;Positif
Oppo Biru;09/08/2025 16:02;sangat membantu dan mudah digunakan;5;Google Play Store;;Positif
aghues sasuke;09/08/2025 10:25;mantap;5;Google Play Store;;Netral
Bennie Rachman;09/08/2025 09:29;sangat bagus;3;Google Play Store;;Positif
Rojer Morgan;09/08/2025 05:51;starlink Mantal;5;Google Play Store;;Netral
Kuncup Puspita;09/08/2025 03:49;good;5;Google Play Store;;Netral
Maura NANDITA KAMAN;08/08/2025 15:38;sangat membantuuu jika internet nasional mati..;5;Google Play Store;;Netral
Vinsensius Venerius Paskalis pantang;08/08/2025 14:54;sangat bagus..;5;Google Play Store;;Positif
iyarcom;08/08/2025 14:34;Sangat cocok dalam hutan...petualang;5;Google Play Store;;Positif
Rapael Renolek;08/08/2025 13:52;knapa saya pkay gen 3 nglek trus;5;Google Play Store;;Netral
Faisal;08/08/2025 10:05;bagus sekali sangat bermanfaat;5;Google Play Store;;Positif
Arif 76;08/08/2025 04:09;tingkatkan lagi layanannya;5;Google Play Store;;Netral
Ferdi Moy;07/08/2025 11:39;please improve the latency in Indonesia. i'm using starlink for online gaming. the latency during night very bad. i hope starlink can fix this ASAP;5;Google Play Store;;Negatif
EDo Fetra;07/08/2025 08:16;nice;5;Google Play Store;;Netral
Febriani;07/08/2025 04:53;ok;5;Google Play Store;;Netral
DJ Chanel;07/08/2025 01:17;Luarbiasa👍;5;Google Play Store;;Negatif
Yanti Ku;06/08/2025 23:34;bagus sih ga ada eror cuman kurang banyak fitur nya aja;4;Google Play Store;;Netral
SUPRIADI 32;06/08/2025 23:32;"Sangat jelek. sekarang jika menggunakan paket jelajah sudah kena ""MOVING TO FAST"" dan sampai saat ini tidak ada solusi yg diberikan. no recommended";1;Google Play Store;;Negatif
RIFALDY. MANOSO koLexi BaMbu cIptAaN ALLAH;05/08/2025 13:28;sangat bagus.. cuma tolong bahasanya di ganti dengan bahasa indonesia;5;Google Play Store;;Positif
Ervena Susilawati;05/08/2025 03:20;pada saat vc cerah bangat videonya, suara juga tdk terputus putus.;5;Google Play Store;;Negatif
Melvis Haleku;05/08/2025 00:32;Sangat Bermanfaat;5;Google Play Store;;Positif
muminin alparo;04/08/2025 20:29;bagus sekali;4;Google Play Store;;Positif
agoeng wiedodo;03/08/2025 13:28;Pengalaman Internet yg super cepet dan gampang pemasangan dan perawatan,.. mudah2an aweth... tq;5;Google Play Store;;Positif
Cur Rut;03/08/2025 12:53;jangan pernah pake starlink , parah banget bayar mahal tapi sinyal sering lag;1;Google Play Store;;Negatif
Fahri Nawawi;03/08/2025 02:04;mantap gan lancar;5;Google Play Store;;Netral
Rusdiyanto R. Kule;02/08/2025 13:57;good;5;Google Play Store;;Netral
Anike Melatunan;02/08/2025 13:11;baik;4;Google Play Store;;Positif
Kayuan Tofan;02/08/2025 09:50;mantap👍👍;5;Google Play Store;;Netral
Jaha ri;02/08/2025 09:48;ok;4;Google Play Store;;Netral
Kukuh Ali Wibowo;01/08/2025 23:15;👍🏽👍🏽;5;Google Play Store;;Netral
Obi Sool;01/08/2025 12:34;nice;5;Google Play Store;;Netral
Ayah Ayah;01/08/2025 12:28;oke yes;5;Google Play Store;;Netral
Samuel Cristian;01/08/2025 10:40;mantap;5;Google Play Store;;Netral
ARIFIN TARIGAN;01/08/2025 05:50;jaringan lossss tanpa macettt;5;Google Play Store;;Netral
Pak Elsa;01/08/2025 05:09;ok;5;Google Play Store;;Netral
Indra Kurniawan;31/07/2025 13:58;sangat recommended untuk daerah yang tidak memiliki akses internet;5;Google Play Store;;Negatif
CUMA HIBURAN;31/07/2025 12:45;luar biasa;5;Google Play Store;;Negatif
Asmadi;31/07/2025 09:55;sangat puas;3;Google Play Store;;Netral
Efendy 88;31/07/2025 07:34;cukup membantu;5;Google Play Store;;Positif
Risna Lololuan;31/07/2025 01:44;mantap jaringannya terima kasih sudah membantu kami di daerah yang susah jaringan internet;5;Google Play Store;;Positif
FADLY WAHAB LEISUBUN;29/07/2025 12:43;sukses selalu;5;Google Play Store;;Positif
Dinejad Medina;29/07/2025 10:25;mantap;5;Google Play Store;;Netral
Berly Raymond;29/07/2025 07:03;bagus banget;5;Google Play Store;;Positif
Leo Ghoutama;29/07/2025 06:58;good job;5;Google Play Store;;Netral
Must Tain;29/07/2025 04:38;Sangat membantu untuk daerah yg tidak dan kurang terjangkau oleh sinyal Telkom maupun Indosat;5;Google Play Store;;Negatif
Dhifa;29/07/2025 01:34;LUARBIASA;5;Google Play Store;;Negatif
Berly Raymond;28/07/2025 21:24;keren memang;5;Google Play Store;;Netral
Gazali Aghil;28/07/2025 12:34;luar biasa;5;Google Play Store;;Negatif
yohan Ocen;28/07/2025 06:04;mantap;5;Google Play Store;;Netral
Sofia Zy;27/07/2025 14:48;aplikasi sangat bagus;5;Google Play Store;;Positif
Nani Yuningsih;27/07/2025 05:47;saya baru berapa hari kok tidak ada internetnya ya semoga bisa kembali lagi internet nya;5;Google Play Store;;Negatif
Mursid 85;27/07/2025 05:10;Oke👍;5;Google Play Store;;Netral
Andil Muhammad;27/07/2025 01:05;👍👍👍;5;Google Play Store;;Netral
Welius Wetipo;26/07/2025 11:33;Mau belajar;5;Google Play Store;;Netral
vitz Kidal;26/07/2025 01:59;sangat membantu cuman hanya kecepatan ngunggah nya kecil tapi masih aman 🙏🙏🙏🙏starlink;5;Google Play Store;;Positif
Anwar Djaya;25/07/2025 19:10;baik;4;Google Play Store;;Positif
Rojer Laimeheriwa;25/07/2025 17:05;OKE;5;Google Play Store;;Netral
Rahmat Ferdian;25/07/2025 13:23;good;5;Google Play Store;;Netral
Amal “Halid” Hasan;24/07/2025 23:07;Aplikasinya mobile nya sangat buruk, terutama pada sistem login nya. untuk login mesti bolak balik aplikasi dan web browser, setelah berhasil login, selalu diarahkan untuk buka di aplikasi, tapi lebih banyak gagal nya. Alasan cookies lah, blokir pop-up lah, capcha yg gagal tampil kah, dll. Pokoknya aplikasinya BURUK. Programmer nya perlu belajar lagi sama anak SMK, biar lebih pinter dikit;1;Google Play Store;;Negatif
campuran “Ndian” 51;24/07/2025 04:05;Good;5;Google Play Store;;Netral
Muhammad Arpan;23/07/2025 18:01;wajib beli khususnya pelaut;5;Google Play Store;;Netral
TABURA BAKAU;23/07/2025 16:24;Starlink Terbaikku,..🙏;5;Google Play Store;;Positif
Sukria Sukria;23/07/2025 13:26;mantap;5;Google Play Store;;Netral
Resky Saleh;23/07/2025 12:04;update terbaru kalau 2 admin cmn bisa satu aja yg bisa tahan jaringan. ayolah saya kerja 2 shift trus di shift saya,saya tidak bisa tahan jringan;4;Google Play Store;;Positif
Hafriansyah Melawi;23/07/2025 06:56;tolong kode verivikasi ga bisa masuk ke nomor saya;5;Google Play Store;;Netral
Musrin Wtrb;23/07/2025 01:00;sangat membantu dalam memenuhi kebutuhan masyarakat dalam bidang internet;5;Google Play Store;;Positif
Igna Cipto;23/07/2025 00:19;Thanks Amerika 💓 Sudah banyak membantu Indonesia!;5;Google Play Store;;Positif
Arsyla Putri;22/07/2025 14:07;good;5;Google Play Store;;Netral
YUNUS ROMBE;22/07/2025 11:18;Jaringan Internet cepat, luar biasa. Mantap.;5;Google Play Store;;Netral
takbir;19/07/2025 15:06;mantap;5;Google Play Store;;Netral
Saul Endri;19/07/2025 11:41;The Best;5;Google Play Store;;Netral
M. Ichvan R. Silim;18/07/2025 14:31;terbaik;5;Google Play Store;;Positif
Yopi Andinata;18/07/2025 05:48;good;5;Google Play Store;;Netral
Ubang njau Njau;16/07/2025 14:08;mantap👍;5;Google Play Store;;Netral
Muhammad Shiddiq;16/07/2025 12:59;apa penyebab data starlink sering hilang2;5;Google Play Store;;Netral
Arlen Mario Demny;15/07/2025 12:25;sangat memuaskan;5;Google Play Store;;Positif
dede harry surachman;15/07/2025 08:25;starlink is the best no.1 in the word very super quick mbps..;5;Google Play Store;;Positif
Muhammad Aswar;15/07/2025 00:57;sangat membantu pada saat di tengah laut;5;Google Play Store;;Positif
REGEDIT;14/07/2025 23:09;SpaceX Starlink Sekarang makin mantap, Saya pengguna Kit Starlink Baru 5 bulan, Dan sekarang Speed Mencapai 1Gbps di daerah saya, Mantap Starlink 👍 Semoga tetap konsisten.;5;Google Play Store;;Netral
Beni Chusnur rofiq;14/07/2025 04:02;performa bagus meskipun di daerah pedalaman,;5;Google Play Store;;Positif
Yolmajaya Yolma;14/07/2025 02:01;ok;5;Google Play Store;;Netral
Fito Matara;13/07/2025 04:47;verry good;5;Google Play Store;;Netral
ozil naga;12/07/2025 10:19;mantap;5;Google Play Store;;Netral
LIBRA 89;12/07/2025 03:35;bagus banget buat online di gunung,, nice,, terima kasih starlink;5;Google Play Store;;Positif
SYARIF UDDIN;11/07/2025 20:17;sangat cocok;5;Google Play Store;;Positif
Riksan Nuru;11/07/2025 14:58;Tolong dari pihak Starlink solusinya bagaimana sehingga Starlink bisa normal kembali. karna ada Pembatasan dari pihak KOMDIGI;1;Google Play Store;;Negatif
Todingan Toding;11/07/2025 11:45;saya puas dengan pelayanan;5;Google Play Store;;Netral
Wuri Handoyo;11/07/2025 10:22;mantap luarbiasa;5;Google Play Store;;Negatif
Indra;11/07/2025 00:32;baik;5;Google Play Store;;Positif
Joksui Joksui;10/07/2025 15:56;sangat baik;5;Google Play Store;;Positif
doo martinus;10/07/2025 06:45;Ok. Terbaik.;5;Google Play Store;;Positif
carison musta;09/07/2025 21:55;sangat bermanfaat untuk daerah 3T;5;Google Play Store;;Positif
Melda Maulida;09/07/2025 12:49;dood;5;Google Play Store;;Netral
ZULKIFLI;09/07/2025 02:25;Masalah Pembayaran agar diberi opsi pembayaran lewat transfer bank atau e-commerce. Ini supaya mempermudah. Karena opsi sekarang dgn Kartu Debit atau Kartu Debit ini kadangkala gagal autentikasi / verifikasi dari Bank-nya. Akhirnya jadi kesulitan membayar tagihan.;2;Google Play Store;;Negatif
Vincent Billy;08/07/2025 17:57;Best Performance Best Quality;5;Google Play Store;;Netral
Muhamad nuzul Nuzul;08/07/2025 09:47;mantap, bangat;5;Google Play Store;;Netral
SYAHARUDDIN PELAUT;07/07/2025 11:46;gmn cara untuk mengubah bahasanya distarlink;5;Google Play Store;;Negatif
E Subandriyo;07/07/2025 04:53;top markotop...;5;Google Play Store;;Positif
Ikhsan Walidi;06/07/2025 10:04;kerennn;5;Google Play Store;;Netral
Selviaputry Dumbela;06/07/2025 07:38;jaringan bagus,dan selama menggunakan belum mengalami kendala.csnya cepat tanggap dalam mengatasi kendala ketika di hubungi. Semoga tetap seperti ini atau bahkan lebih di tingkatkan lagi;5;Google Play Store;;Positif
Ayah bagas;05/07/2025 17:50;kecepatan tetep stabil meski hujan badai;5;Google Play Store;;Positif
Afriyan Riyan;05/07/2025 11:21;starlink memang bagus jaringan nya, saya merasa puas dengan layanan starling;5;Google Play Store;;Positif
Uwardi Di Rahar;05/07/2025 06:37;top;5;Google Play Store;;Positif
Calon sukses;05/07/2025 01:52;mantap;5;Google Play Store;;Netral
khamim tohari;04/07/2025 18:17;tingkatkan;5;Google Play Store;;Netral
Marta Amara;04/07/2025 15:43;semenjak sy sudah menggunakan starlink ini hampir 1 tahun sangat bermanfaat sekali, bisa internet an sepuasnya walaupun pn digunung masih bisa internet an asalkan ada jaringan listrik nya.;5;Google Play Store;;Positif
Ali Khan;04/07/2025 08:33;jooooossssss;5;Google Play Store;;Netral
Mesak Ditiolebit;04/07/2025 05:41;bagaimana aktifkan kembali Starlin yg jaringan hilang;5;Google Play Store;;Positif
SARTIA KALEDUPA;04/07/2025 00:53;sangat baik;5;Google Play Store;;Positif
Yohanis Yatam;03/07/2025 13:08;tolong di bantu daftarkan akun email saya di aplikasi Starlink, agar saya login masuk aplikasi untuk seting Wifi Starlink saya yg Sdh lama di pasang namun tdk aktif dalam pencarian status jaringan WiFi di perangkat Android/PC.;2;Google Play Store;;Positif
Muhamad Sofan;03/07/2025 04:12;sangat rekomoded;5;Google Play Store;;Netral
mizan abay;03/07/2025 01:20;sungguh sangat membantu aplikasi ini tapi tulisannya masih dalam bentuk bahasa inggris sehingga saya tidak menterjemahkan;5;Google Play Store;;Negatif
Jimmy Woeianto;02/07/2025 13:33;daftar susah sekali;1;Google Play Store;;Netral
Kartini hi Manan;02/07/2025 11:54;sangat memuaskan;5;Google Play Store;;Positif
Edu Mengkudu2;02/07/2025 10:14;nice;5;Google Play Store;;Netral
Jumiyanti Dasfordate;02/07/2025 09:23;Terbaik;5;Google Play Store;;Positif
Mintro Y. Lawan;02/07/2025 06:55;good;5;Google Play Store;;Netral
Arifal paliwang;02/07/2025 00:24;good;5;Google Play Store;;Netral
Ahmad Sofyan;01/07/2025 20:51;awal nya susah setting karena kurang nya informasi pemasangan. tetapi bertanya sana sini, ternyata gampang. paket2 nya juga sekarang lebih flexible. cocok buat yang di daerah Kabupaten atau pinggiran kota kecil.;5;Google Play Store;;Netral
Joselau Ruslie;01/07/2025 14:08;good app;5;Google Play Store;;Netral
Winardi Idsr;01/07/2025 04:07;Cocok untuk lokasi yang tidak terjangkau oleh jaringan selular, jaringan kabel, jaringan fo, maupun jaringan radio 2,4 ghz atau 5 ghz yang kacau. Saya sudah menggunakan starlink dengan paket residen selama 6 bulan sampai saat ini dan itu sudah cukup untuk penggunaan sehari-hari dengan beberapa perangkat. Kendala koneksi biasanya akan terjadi saat hujan lebat, tetapi starlink mempunyai waktu pemulihan yang bagus. Posis antena harus bebas penghalang supaya mendapatkan sinyal yang bagus.;5;Google Play Store;;Positif
Titus;30/06/2025 11:49;Sangat bagus;5;Google Play Store;;Positif
Reygen Gaghansa;29/06/2025 14:16;💯👍;5;Google Play Store;;Netral
Afrinal S.Hut;29/06/2025 10:20;mantap;5;Google Play Store;;Netral
Arros Tandi Lintin;29/06/2025 08:20;aplikasi suda bagus tetapi kadang out sendiri saat di gunakan;5;Google Play Store;;Positif
Piece Jensei;28/06/2025 09:47;optimal;4;Google Play Store;;Positif
Rachmad Kartolo;28/06/2025 03:23;keren;5;Google Play Store;;Netral
Budijam_ Channel;27/06/2025 10:55;Mantap;5;Google Play Store;;Netral
Dasum Dasum;27/06/2025 08:36;dengan starlink kami di pelosok Kalimantan dapat menikmati jaringan internet dan terhubung dengan dunia;5;Google Play Store;;Positif
Herman Syah;26/06/2025 14:28;jaringannya bagus untuk kami yg di desa terpencil;5;Google Play Store;;Positif
Ya2t Laiha;26/06/2025 13:01;mantap;5;Google Play Store;;Netral
rivaldoeko Gakueko;26/06/2025 06:21;bagus aplikasinya..;5;Google Play Store;;Positif
wiliam sauru;26/06/2025 02:32;janringan ini sangat cepat dan sangat bagus. terimakasih;5;Google Play Store;;Positif
Chris Vanto;25/06/2025 06:50;Sangat baik👍;5;Google Play Store;;Positif
Joko Sudiro;25/06/2025 03:18;bagus;5;Google Play Store;;Positif
Garda TV;24/06/2025 05:49;Mantap banget..mudah pasangnya;5;Google Play Store;;Positif
tyson lawolo;24/06/2025 04:27;keren;5;Google Play Store;;Netral
gani abdul;23/06/2025 16:54;ok;5;Google Play Store;;Netral
Anchu Asnha;23/06/2025 16:23;bagus sekali jaringan nya🤩🤩🤩;5;Google Play Store;;Positif
pardomuan hutasuhut;23/06/2025 14:04;Starlink memang ok mantap betul;5;Google Play Store;;Netral
Roney Maku;23/06/2025 07:01;mantap;4;Google Play Store;;Netral
M Nr;22/06/2025 09:17;sangat membantu;5;Google Play Store;;Positif
Widya Permata sari;22/06/2025 01:26;mantap👍👍👍👍;5;Google Play Store;;Netral
syahroni syahroni;21/06/2025 10:26;mantap;5;Google Play Store;;Netral
Fauzi Rifdu;20/06/2025 11:39;mantap;5;Google Play Store;;Netral
LOKA TUA;20/06/2025 00:57;user friendly;5;Google Play Store;;Netral
Sahri Sahrigem;19/06/2025 17:41;keren sangat membantu;5;Google Play Store;;Positif
Patrick Ruamba (Patrick);19/06/2025 14:46;Terjangkau sampai pelosok Pegunungan Papua 👍;5;Google Play Store;;Negatif
Andhi Wijaya;19/06/2025 12:19;sangat puas memakai jaringan ini,semoga tambah berkembang kedepannya;5;Google Play Store;;Positif
Ardana braja888 Ardana braja;19/06/2025 05:46;oke;5;Google Play Store;;Netral
Andi Ilham;19/06/2025 01:49;makasih Starlink SDH menjangkau pedalaman papua;5;Google Play Store;;Negatif
Lina Susanti;18/06/2025 23:09;alhamdulillah stlah pakai starlink sinyalnya bagus, bisa utk apa aj, trimakasih starlink, ok mantap;5;Google Play Store;;Positif
tika rumaday;18/06/2025 11:19;sangat membatu;5;Google Play Store;;Negatif
Iskandar Agung;18/06/2025 01:43;mantap;5;Google Play Store;;Netral
Roni Berotabui [#PVM] Film Making CC;17/06/2025 14:22;Terbaik dan The Best;5;Google Play Store;;Positif
Semuel kadek Kadek;17/06/2025 14:05;wifi terbaik Yang pernah ku temui;5;Google Play Store;;Positif
siprianus herman;17/06/2025 07:08;Sangat membantu dalam menjalankan aplikasu;5;Google Play Store;;Positif
misael k.w;16/06/2025 22:30;the best 👍;5;Google Play Store;;Netral
Andrijaya;16/06/2025 13:43;layanan starlink buruk di awal beli iya enak nyaman eh ketika rusak ada gangguan bales nya 1 minggu sekali Dan konsumen komplen kesan nya menghindar seperti yg saya alami saat ini..beli mahal2 pelayanan parah kesan nya ngemis2 layanan;1;Google Play Store;;Negatif
Umar Arkatama;16/06/2025 05:01;sangat bagus👍;5;Google Play Store;;Positif
Starlink Pasbon;16/06/2025 04:27;bisa kah starlink ini di perbaiki, akses internet perangkat setelah di jeda tidak bisa di sambungkan lagi, saya sangat kecewa sudah beberapa hari ini saya tidak bisa kontrol perangkat yang sudah terhubung;2;Google Play Store;;Netral
yulan tuara;15/06/2025 13:08;bagus;5;Google Play Store;;Positif
abu qonita;14/06/2025 22:34;update applikasi sekarang, bukan tambah baik bahkan tambah menurun,, versi yg terdahulu , kita bisa kontrol dan pantau router/antena dari luar jaringan starlink. sekrg malah wajib tersambung ke jaringan baru bisa aplikasi digunakan.. berbeda sekalai dgn aplikasi my telkomsel untuk indihome atau myoxigen.;1;Google Play Store;;Netral
Amdal 1990;14/06/2025 16:10;strlink sangat membantu bagi kami masyrakt yg tertinggal jringan.. makasih strlink;5;Google Play Store;;Positif
Satria Wamena;14/06/2025 08:08;mantap pulll;5;Google Play Store;;Netral
Noch Sairdekut;13/06/2025 22:48;sangat bermanfaat dan dapat me. permudah, jaringan juga bagus tidak lelet;5;Google Play Store;;Positif
Buchek Latumeten;13/06/2025 14:27;tdk bisa mengganti nama karna tdk bisa muncul kybordnya, di hp samsung A54 5G;3;Google Play Store;;Negatif
805 Apri;13/06/2025 13:04;sangat lancar internetnya;5;Google Play Store;;Netral
Novia_sine Novia;13/06/2025 11:33;jaringan starlink sangat bagus dan sangat membantu terutama dalam mengakses sangat cepat bagi kami memerlukan jaringan cepat sehingga kami dapat mengakses segala informasi dengan mudah, tidak harus menungguh lama, terutama kami di daerah yang jaringannya kurang bagus ,terima kasih telah membantu kami dengan menyediakan jaringan yang cepat,, pelayanan sangat menyenangkan ,semoga starlingk semakin jaya dan semakin bertambah kuat dapat menjangkau seluruh wilayah yang tidak di jangkau oleh jaringan;5;Google Play Store;;Positif
wilhelmus Wea;11/06/2025 01:49;bagus;5;Google Play Store;;Positif
CAMP FISHING SULTRA;10/06/2025 04:13;baik pelayanan respon cepat;5;Google Play Store;;Positif
Feri Tis;08/06/2025 10:54;setelah update, yang dijeda tidak dapat terhubung kembali untuk mengakses internet, saya harap bug nya cepat di atasi, saya rasa ini masalah pada aplikasinya....;2;Google Play Store;;Negatif
Muhammad yadi Daha (Yadi);08/06/2025 02:31;Mantappp dan gampang pokoknya Oky aplikasi Starlink nya bos qU, semuga kedapan nya makin Oky dan makin murah bayar nya, serta makin lancar lagi jaringan Starlink nya bos qU;5;Google Play Store;;Netral
ramadan zz;07/06/2025 02:03;mantap;5;Google Play Store;;Netral
Andri Arifin;06/06/2025 18:20;sangat memuaskan;5;Google Play Store;;Positif
Aldyan Tangke;06/06/2025 10:53;tolong kasih murah bulannya pak ellon;5;Google Play Store;;Negatif
Muhammad daynuri Saputra;06/06/2025 06:26;good;5;Google Play Store;;Netral
Aimin Embisa;06/06/2025 03:41;Sekarang paket bisnis dimurahin tapi dibikin lemot ancur, kalau mau agak cepat harus beli bandwit lagi. Parah.;1;Google Play Store;;Negatif
Basnovat Official;05/06/2025 19:04;Sangat membantu kami di daerah terisolasi laut semoga kedepan harga smakin murah....;5;Google Play Store;;Negatif
Yanti anti Anti;05/06/2025 13:22;mantap;5;Google Play Store;;Netral
Vicku Rao;05/06/2025 11:39;waohhhh..... excellent;5;Google Play Store;;Netral
Febriyanto Hamid;05/06/2025 09:03;sangat baik;5;Google Play Store;;Positif
Namuca Putra;04/06/2025 14:53;sangat membantu;5;Google Play Store;;Positif
Riki Rikardo;04/06/2025 13:53;bagusan;5;Google Play Store;;Positif
Naufal Ibrahim;04/06/2025 09:26;terbantu,,;5;Google Play Store;;Netral
PLTD Lemukutan;04/06/2025 09:20;brapa hari ini stalink intenetnya lelet;3;Google Play Store;;Netral
jetri ermayo;04/06/2025 07:10;segini sdh cukup.. jgn byk di update ya;5;Google Play Store;;Netral
Hari Purwa;04/06/2025 03:30;lancar jaya;5;Google Play Store;;Netral
filmon tansi;03/06/2025 16:14;Mengapa tombol pause tidak bis di aktifkan...;2;Google Play Store;;Negatif
fix day;02/06/2025 16:47;awesome;5;Google Play Store;;Netral
Wahyudin Wahyudin;02/06/2025 15:12;ok sih,. tambah mantap kalau bisa ganti2 paket tiap bulan. ini klo naikin paket bisa, tp mau balik lagi / turun gk bisa.;4;Google Play Store;;Negatif
Alamsyah Rasyid;02/06/2025 11:02;Mantap;5;Google Play Store;;Netral
Teknik Eko;02/06/2025 10:00;mudah mudahan pembayaran kedepannya di permudah;5;Google Play Store;;Positif
mordy ilham;02/06/2025 09:48;menyesal saya beli, internet sering diskonek, ping tinggi, pas di pakek kayak jaringan 2g;1;Google Play Store;;Positif
Kristolik Pky;02/06/2025 07:22;sangat membantu kami yang akses jaringan internet masih lemah...;5;Google Play Store;;Netral
Alfandgαming 06;01/06/2025 15:13;bagus;5;Google Play Store;;Positif
Indra;01/06/2025 12:48;lebih di tingkat kan keamana nya, dari login tanpa admin saja kita bisa mereset modem nya,;4;Google Play Store;;Negatif
Felix Smart;01/06/2025 12:33;baik;5;Google Play Store;;Positif
chaly 4265;01/06/2025 11:41;mantap;5;Google Play Store;;Netral
Mulyadi Mulyadi;31/05/2025 19:13;sangat baik utk browsing..;5;Google Play Store;;Positif
BUBO;31/05/2025 11:54;Nggak bisa pakai bahasa INDO kah?;5;Google Play Store;;Netral
Muhammad Ismail Maswatu;30/05/2025 07:24;aplikasi nya bagus 👍;4;Google Play Store;;Positif
John Fajar;30/05/2025 00:56;mohon perbaiki proses login yg kadang gagal padahal sudah benar , lalu tambahin dong metode pembayara brimo kalo bisa minn😵;5;Google Play Store;;Positif
Syhrl Sp;29/05/2025 13:47;mantap;5;Google Play Store;;Netral
Herdyanto Afriliana;29/05/2025 12:49;tolong bantu saya pemula;5;Google Play Store;;Netral
Fransina Yuni;29/05/2025 12:24;terima kasih starling sudah membantu jarigan kami orang perdalaman.semoga kedepannya starling semakin cangih dan moderen.TYM🙏😁♥️;5;Google Play Store;;Positif
Silfa Borang;29/05/2025 09:56;sangat baik;5;Google Play Store;;Positif
Hasri Ali;29/05/2025 08:40;good;5;Google Play Store;;Netral
sawal uhaidao;28/05/2025 07:55;Starlink jawaban atas Ketertinggalan jaringan² atau penyedia ISP di daerah terpencil/pelosok;5;Google Play Store;;Negatif
Pria Didi;27/05/2025 23:56;bagus;5;Google Play Store;;Positif
Irfan Tika;27/05/2025 14:48;👍;5;Google Play Store;;Netral
Rajib Sport;27/05/2025 11:32;mantabbbb keren beken;5;Google Play Store;;Positif
NURDIN NUY;26/05/2025 17:32;3T ( blank spot) alhamdulillah adanya sl jadi tertolong;5;Google Play Store;;Positif
Ambran Hukom;26/05/2025 06:05;Sangat Terbantu, Pemasangan Sangat Mudah, masalah nya Soal Pembayaran, Saran saya, klo bisa Mudahkan Cara Pemesanan dan Pembayaran nya..;5;Google Play Store;;Netral
Imana Rasita;25/05/2025 17:45;mantap;5;Google Play Store;;Netral
amir channel;25/05/2025 08:47;cukup lumayan,, hanya you tube kadang jringannya jelek;5;Google Play Store;;Positif
sy NL24;25/05/2025 07:33;mantap;5;Google Play Store;;Netral
Subhani;25/05/2025 02:26;tergantung peletakan posisi..kalau pas mantaapp;5;Google Play Store;;Negatif
vuga tana;24/05/2025 17:46;Min mohon solusinya dong, Harini baru beli Starlink setelah saya aktivasi. Tetiba gak sadar kalo email yg saya daftar berbeda sala satu huruf di Gmail saya, sementara Starlink sudah dapat saya gunakan tetapi tidak bisa login ke aplikasi di karenakan saya salah daftar akun, ternyata akun itu adalah akun orang yg tidak kenal ,apa saya bisa Menganti email semula, mohon solusinya donk ini pembelian Starlink ke 3 kalimya;5;Google Play Store;;Negatif
CV INDUSTRIAL;24/05/2025 11:18;sangat membantu;5;Google Play Store;;Positif
Yus M Oratmangun;24/05/2025 10:26;Sangat membantu;5;Google Play Store;;Positif
Arisrisaris Arisrisaris;23/05/2025 19:55;good👍 like;5;Google Play Store;;Netral
Ika Idul;23/05/2025 12:02;sangat memuaskan;5;Google Play Store;;Positif
choco dizzel;23/05/2025 10:54;sangat terbantu untuk daerah blank spot 👍🏿;5;Google Play Store;;Netral
Piter Ju;22/05/2025 12:27;the best;5;Google Play Store;;Netral
Utara Sejati;22/05/2025 05:31;Sangat bagus untuk kami yang berada di pedalaman, sangat membantu.;5;Google Play Store;;Positif
Supriadi BASKARA;21/05/2025 11:43;mantap;5;Google Play Store;;Netral
Yudha Prasetia Anggara;19/05/2025 09:43;luar biasa cepat 🚀 starlink paket 750k;5;Google Play Store;;Negatif
DesaAdm25_ Arewang;18/05/2025 22:34;sangat bagus;5;Google Play Store;;Positif
Kecap Tumpah;18/05/2025 12:35;cukup bagus untuk wilayah yang tidak ada signal.;5;Google Play Store;;Negatif
Dua12 Dum;18/05/2025 02:48;ok;5;Google Play Store;;Netral
Pujiastuti Tuti;17/05/2025 03:23;makasih;5;Google Play Store;;Negatif
Agusman Waruwu;17/05/2025 02:45;mantap, manfaatnya sangat bermanfaat;5;Google Play Store;;Positif
Steven Tonglo;16/05/2025 13:18;terus tingkatkan layanan internet yg cepat dan nyaman;5;Google Play Store;;Positif
Farel Fatir;16/05/2025 11:03;the beast;5;Google Play Store;;Netral
Weli Siswanto;16/05/2025 03:42;sangat membantu;5;Google Play Store;;Positif
REZA REFLEX;16/05/2025 02:27;mantap;5;Google Play Store;;Netral
Clarissa Namsa;16/05/2025 01:58;sangat cocok untuk kami di pedesaan;5;Google Play Store;;Positif
The ShadoW;15/05/2025 09:28;Nice;5;Google Play Store;;Netral
Riri Asi;15/05/2025 06:49;mantap;5;Google Play Store;;Netral
Nila br munthe;14/05/2025 15:25;mantap;5;Google Play Store;;Netral
Brakitirancari Farms;14/05/2025 10:25;bgus untuk smuanya;5;Google Play Store;;Netral
Kamir Nawang;13/05/2025 21:40;Alhamdulillah.. Bagus;5;Google Play Store;;Positif
Ayahe Handza;13/05/2025 14:37;Starlink mantap gak rugi kami beli mahal sepadan dengan manfaatnya;5;Google Play Store;;Positif
Hanafi Fani;13/05/2025 10:29;ok;5;Google Play Store;;Netral
Jirlandjbx;12/05/2025 23:45;Baik;5;Google Play Store;;Positif
Gibran Revi;12/05/2025 18:05;the best for network;5;Google Play Store;;Netral
Tio Prastio;12/05/2025 10:06;best;5;Google Play Store;;Netral
Davit Gaitedy;12/05/2025 05:37;sangat bagus;5;Google Play Store;;Positif
Jaguar Black;11/05/2025 21:21;semakin simpel jaringanx gas full...;5;Google Play Store;;Netral
Nyusri Derlauw;11/05/2025 12:38;bagus;5;Google Play Store;;Positif
Johnly S Rarung;10/05/2025 22:50;bagus;5;Google Play Store;;Positif
Astika Waafni;10/05/2025 15:11;good;5;Google Play Store;;Netral
Aulia Rahmatillah;10/05/2025 14:03;mantap;5;Google Play Store;;Netral
Con Bass;09/05/2025 10:07;stabil koneksinya dalam cuaca apa pun.. mantap starlink👍;5;Google Play Store;;Positif
Muhidinn Aja;09/05/2025 03:38;mantap;5;Google Play Store;;Netral
Adun Cs;08/05/2025 13:27;sangat2 mantap;5;Google Play Store;;Netral
Siti Fanny Nur Maulidya;08/05/2025 12:51;starlink memang mantab;5;Google Play Store;;Positif
Paskalia julan Paskalia;08/05/2025 06:08;Starlink sangat cocok utk daerah susah sinyal;5;Google Play Store;;Positif
NANDO M Buti;08/05/2025 04:27;sangat baik tapi belum pernah coba;5;Google Play Store;;Positif
Andri Yanto;08/05/2025 02:24;mantap;5;Google Play Store;;Netral
irfandi;07/05/2025 07:12;good;5;Google Play Store;;Netral
Rikar tote R94;06/05/2025 21:23;Good;5;Google Play Store;;Netral
Frdy Vrrman;06/05/2025 13:49;latensi nya akhir akhir ini jelek bet. wilayah Indonesia timur;1;Google Play Store;;Negatif
Erliyanti Tomagola;04/05/2025 16:23;sangat bermanfaat;5;Google Play Store;;Positif
orca orca;04/05/2025 13:01;baik;5;Google Play Store;;Positif
Firman Aqsha Baso;04/05/2025 07:43;Starlink membantu jaringan internet walaupun d tengah lautan;5;Google Play Store;;Positif
ZULKIFLI M ABBAS OFFICIAL;04/05/2025 03:11;jika hujan jd lalod;3;Google Play Store;;Netral
BANG UNCUY;03/05/2025 14:32;good;5;Google Play Store;;Netral
Rohadi;03/05/2025 01:57;Alhamdulillah jaringan Oke banget;5;Google Play Store;;Positif
Abdul Gani;03/05/2025 01:41;baiikk;5;Google Play Store;;Netral
Ronald Syarif;02/05/2025 16:27;good;5;Google Play Store;;Netral
Budi Pandara;02/05/2025 00:54;luar biasa jaringan nya, terimakasih.;5;Google Play Store;;Negatif
dr. Bobby Marcos F. Kandami;01/05/2025 13:56;Terbaik dimana pun dan kapan pun 😁👍👍;5;Google Play Store;;Positif
Suria Wati;01/05/2025 05:29;lancar jaya;5;Google Play Store;;Netral
kurniawan gaul;01/05/2025 03:13;best;5;Google Play Store;;Netral
Yokbet Tarkuo;01/05/2025 03:01;terbaik;5;Google Play Store;;Positif
Saha Hasala;30/04/2025 07:37;mantap;4;Google Play Store;;Netral
heny midrasmasoara;30/04/2025 07:09;jaringan STARLINK mantap 👍;5;Google Play Store;;Positif
Donal Sihombing;29/04/2025 13:44;ini aplikasi kenapa tidak bisa dilanjutkan setelah dilakukan jeda keperangkat wifi hp . ini sangat tidak membantu setelah diabdute;1;Google Play Store;;Netral
DEMSLY WAWOINTANA;29/04/2025 13:24;aplikasinya mudah di gunakan;5;Google Play Store;;Positif
Dedi Misade;29/04/2025 11:27;sangat cepat;5;Google Play Store;;Positif
Ahmad Sarif;29/04/2025 05:10;Sangat puas...... Mantap.....;5;Google Play Store;;Netral
pare manto;29/04/2025 02:55;baik;5;Google Play Store;;Positif
Bima Yoga;28/04/2025 16:15;mantap;5;Google Play Store;;Netral
Ardi Vcd;28/04/2025 12:04;sangat bagus bisa membantu utk area pegunungan yg susah signal internet;5;Google Play Store;;Positif
Rusli li;27/04/2025 02:06;sangat membantu;5;Google Play Store;;Positif
muhammad syahrir;26/04/2025 20:20;mantap;5;Google Play Store;;Netral
Muhammad Arsyad;26/04/2025 15:01;Mantab;5;Google Play Store;;Positif
Adi Kiki Dimara;26/04/2025 13:43;Baru saja menikmati kecanggihan teknologi internet dari Starlink, walaupun jauh di dalam hutan tapi bisa internetan, muuuuaaaannntaaaap👍👍👍;5;Google Play Store;;Negatif
Paisal Rabuka;26/04/2025 11:25;power full;5;Google Play Store;;Netral
AS Creator'89;26/04/2025 05:13;keren;5;Google Play Store;;Netral
Lilyen Likchen;26/04/2025 03:36;urah dan puas;5;Google Play Store;;Netral
Argobi Edward;25/04/2025 22:27;kenapa sekarang tidak bisa lagi setting ssid dan password dari luar jaringan wifi starlink?;1;Google Play Store;;Netral
Syahroni;25/04/2025 13:58;sangat membantu untuk kami yang di pedesaan jauh dari jangkauan jaringan internet kabel maupun seluler. thank you starlink;5;Google Play Store;;Positif
Teguh Rianto;25/04/2025 08:16;cepat dan selalu memuaskan.. no complain.. kecuali masalah harga langganan yg masih mahal..;5;Google Play Store;;Negatif
Fedy Repencis;25/04/2025 06:34;mantap;5;Google Play Store;;Netral
fauzi fauzi;25/04/2025 00:33;sangat puas dengan hasil kecepatan yg luas biyasa;5;Google Play Store;;Positif
budi marolahlifa;24/04/2025 08:39;mantap sekali jaringannya di laut tanpa ada daratan jaringan bagus tidak putus putusnya;5;Google Play Store;;Netral
Muhammad Ihsan;24/04/2025 03:39;luar biasa;4;Google Play Store;;Negatif
Herman Nur Ali;23/04/2025 21:38;bagus;5;Google Play Store;;Positif
TJB SOUND System;23/04/2025 15:14;sangat membantu area pedalaman tnks starlink 👍;5;Google Play Store;;Positif
Daspradial Noframa;22/04/2025 08:49;Mantap 👍👍👍;5;Google Play Store;;Netral
Ryan umsandin;22/04/2025 07:33;hedeh sering ganguan;5;Google Play Store;;Negatif
Heris Nurfajar;22/04/2025 00:05;the best;5;Google Play Store;;Netral
Dirgo Prayitno;21/04/2025 14:30;harus di hskers lagi lewat satelite biar kita bisa ambil jaringan wifi di sekitar;5;Google Play Store;;Positif
Pillo Pillo;20/04/2025 17:22;sangat memuaskan;5;Google Play Store;;Positif
nova anriany;20/04/2025 13:39;keren;5;Google Play Store;;Netral
Anggara Adheltriza;20/04/2025 13:07;Good;5;Google Play Store;;Netral
starlink irman;20/04/2025 04:58;bugus mudah di oprasikan;5;Google Play Store;;Positif
Agus dedipranata1988;19/04/2025 22:42;Internet starlink membantu kita yang berada daerah terpencil Yang minim listrik dan internet aplikasi juga simpel banget..namun update aplikasi terlalu berlebihan tes kecepatannya padahal tes kecepatan di aplikasi lain beda hasilnya.;5;Google Play Store;;Negatif
Heriyadi Hery;19/04/2025 16:27;mantaaap;5;Google Play Store;;Netral
Abdul Rahman;19/04/2025 12:55;Kecepatan yg bagus untuk wifi satelit;5;Google Play Store;;Positif
Ria Kelilauw;18/04/2025 23:51;sangat bagus;5;Google Play Store;;Positif
Jianfranko Amiman;18/04/2025 16:06;Starlink Terbaik Untuk Kami Masyarakat Kepulauan;5;Google Play Store;;Positif
Indra Mulyawan;17/04/2025 14:51;mantap;5;Google Play Store;;Netral
Nurhuda Narwawan;17/04/2025 13:19;mntap;5;Google Play Store;;Netral
Hariyadi Michael;16/04/2025 20:14;Cuba dlu klu bagus dan mudah di gunakan sya tambah bintangnya...;1;Google Play Store;;Positif
Agus Jak;16/04/2025 15:28;sangat bagus;5;Google Play Store;;Positif
Arki Bawedo;16/04/2025 06:58;Please add a password to log in to the Starlink app for added security and maximum safety.;1;Google Play Store;;Netral
Antin anton;15/04/2025 13:21;bagus untuk perdesaan yang susah sinyal;5;Google Play Store;;Positif
Ebit Mustofa;14/04/2025 16:38;good;5;Google Play Store;;Netral
Ellen Harisandhy;13/04/2025 16:37;nice;5;Google Play Store;;Netral
Irzam Sabanung;13/04/2025 08:30;semuat terasa mudah;5;Google Play Store;;Positif
noegroho;12/04/2025 08:56;koneksi berkurang saat hujan lebat;4;Google Play Store;;Negatif
Muhammad Nurviansuat;11/04/2025 11:30;nice internet;5;Google Play Store;;Netral
Yanti Paembonan;11/04/2025 10:56;bagus;5;Google Play Store;;Positif
Muh Risman;11/04/2025 03:49;baik;4;Google Play Store;;Positif
dhiyaul dhafa;11/04/2025 00:49;kita berada di daerah yg susah sinyal, tp dg starlink joss banget...👍👍👍;5;Google Play Store;;Netral
Farid Nur;11/04/2025 00:28;mantap;5;Google Play Store;;Netral
Yasinta Ayudya;10/04/2025 23:17;bgus sekli;4;Google Play Store;;Netral
Dimas;10/04/2025 05:58;Bang Elon, adain paket lebih murah dong, gapapa Mbps juga turun. Soalnya di pedalaman butuh internet satelit stabil, bukan ke Mbps sampai ratusan, puluhan Mbps sudah cukup asal ping stabil.;5;Google Play Store;;Positif
Riswan Paulus;10/04/2025 02:06;good;5;Google Play Store;;Netral
Mam Rumodar;09/04/2025 14:50;"sangat baik lancar semoga kedepan ny ad fitur "" baru seperti memperkuat jaringan membuat jaringan selalu stabil.";5;Google Play Store;;Positif
David Silvester;09/04/2025 05:53;Lambat dan Berat Aplikasinya, seperti tidak niat dibuat Tolong segera di Perbaiki, dan tolong buat Kontrol Penuh kepada admin untuk memblokir Perangkat yang masuk tanpa izin;1;Google Play Store;;Negatif
Rusli Soamole;08/04/2025 23:50;jaringan starling adakala hilang muncul dan;3;Google Play Store;;Positif
Aidil ramzi22;08/04/2025 13:16;sangat membatu;4;Google Play Store;;Negatif
Marcputraalvaro;08/04/2025 11:56;tidak bisa nge pause pemakai wifi;4;Google Play Store;;Negatif
Hendi Kurniawan;08/04/2025 11:46;luar biasa,, jaringan stabil, anti lelet, pemasangan perangkat mudah, biaya langganan sesuai dengan konektivitas yang ditawarkan;5;Google Play Store;;Positif
TOBOK SILITONGA;08/04/2025 10:19;mantap;4;Google Play Store;;Netral
Esratua Manurung;07/04/2025 23:58;good;5;Google Play Store;;Netral
Heri Rumalean;07/04/2025 23:17;sangat bagus, tpi jangkauan tidak jau;4;Google Play Store;;Netral
yusuf Pulla;07/04/2025 12:39;the best;5;Google Play Store;;Netral
Diego Forlan;07/04/2025 12:00;mantap;5;Google Play Store;;Netral
muhammad kamil kamil;07/04/2025 08:34;mantaaap;5;Google Play Store;;Netral
Andika saputra ATM;06/04/2025 17:30;mantap;5;Google Play Store;;Netral
Perdana cell Konter hp;05/04/2025 17:24;bagus dan lebih dipercepat lagi;5;Google Play Store;;Positif
Adi Hidayat;05/04/2025 12:41;Starlink Disconnected showed and can't see obstructions when i am not using starlink wi-fi.;5;Google Play Store;;Netral
Agus Sanjaya;05/04/2025 01:45;bagus banget bagus sekalih;5;Google Play Store;;Netral
hari marpaung tv;05/04/2025 01:16;orang lain yg gak punya akun bisa reset starlink kita dengan mendownload aplikasi saja, setingkat orang terkaya saya punya aplikasi sejelek ini..;1;Google Play Store;;Netral
Muhammad Mahing;05/04/2025 00:36;the best VSAT;5;Google Play Store;;Netral
Nona Asri;03/04/2025 13:16;terbaik untuk kalimantan;5;Google Play Store;;Positif
dandi arjuna;03/04/2025 06:58;jaringan sangat kencang 💪🏻;5;Google Play Store;;Positif
Satyawan Rich;03/04/2025 00:06;Internet cepat praktis dan terjangkau.;5;Google Play Store;;Positif
marwan l;01/04/2025 11:40;starling Tamba lama Tamba parah jaringanya kayak bikin emosih, apalagi waktu hujan ngak bisa di pake lagi koneksih terbatas.. parah abis;1;Google Play Store;;Negatif
abdiel elvis;01/04/2025 09:00;Solusi jaringan cepat di pedalaman Papua Pegunungan...Thank you Bang Elon.;5;Google Play Store;;Positif
M RAPI'IE;01/04/2025 07:08;good;5;Google Play Store;;Netral
Fania Taniafani;31/03/2025 01:30;bagus;5;Google Play Store;;Positif
Suryani Shury;30/03/2025 18:13;sanggat membantu sekali👍👍👍👍;5;Google Play Store;;Positif
Ambrozi Ozi;30/03/2025 12:07;only one nice connection;5;Google Play Store;;Netral
Lisi;30/03/2025 10:32;starlink mantap aktifasinya juga muda;5;Google Play Store;;Positif
Aryasaputra Rumatiga;29/03/2025 13:05;sangat baik;5;Google Play Store;;Positif
All content;29/03/2025 05:48;nice tnyu;5;Google Play Store;;Netral
Nunukan Mandiri;28/03/2025 20:15;Sampai saat ini masih bagus digunakan;5;Google Play Store;;Positif
Nurmansah;27/03/2025 14:20;ok sekali;5;Google Play Store;;Netral
Edo 41;27/03/2025 10:50;lumayan signalx;4;Google Play Store;;Positif
Abdul Gani;26/03/2025 22:45;tks elon and spcaex;5;Google Play Store;;Netral
Mister X;26/03/2025 11:46;mantap;5;Google Play Store;;Netral
anriani anda;26/03/2025 10:10;mantap;5;Google Play Store;;Netral
Ilham Mustafa;26/03/2025 08:12;cara ganti password blom paham nih;5;Google Play Store;;Negatif
Tuturop piahar;25/03/2025 12:51;mantap;5;Google Play Store;;Netral
Ridjal Ridwan;25/03/2025 06:15;sangat bagus;5;Google Play Store;;Positif
Emilia Emilia;24/03/2025 16:54;jaya selalu Starlink;5;Google Play Store;;Netral
Aulia Madinah;24/03/2025 09:09;thanks Starlink;5;Google Play Store;;Netral
Edy Son95;23/03/2025 21:06;sangat memuaskan kualitas signalnya;5;Google Play Store;;Positif
Sinyo Kamal;23/03/2025 03:51;baik sekali;5;Google Play Store;;Positif
Aneka Teknik Service Solution;22/03/2025 17:31;bintang 5;5;Google Play Store;;Netral
Elna Mala;22/03/2025 15:40;apakah bisa daftar 1 akun dibuat 2 starling;5;Google Play Store;;Negatif
Mextril Mextril;22/03/2025 00:09;mau tanya apa penyebab aplikasi Starlink saya tidak bisa jeda internet dari perangkat hp lain. padahal saya sudah login ke akun Starlink???;1;Google Play Store;;Netral
Azmi Colors;21/03/2025 15:29;ok;5;Google Play Store;;Netral
Patris Heremba;21/03/2025 14:41;Terbaik;3;Google Play Store;;Positif
BimaPs;21/03/2025 13:47;mudah di gunakan;5;Google Play Store;;Positif
Adi Green;20/03/2025 17:01;harga berubah, tidak sesuai dengan layanan;1;Google Play Store;;Netral
the kadalz;20/03/2025 15:19;Tombol download penagihan pdf gak ada padahal buat claim ke perusahaan , menyulitkan;1;Google Play Store;;Netral
Dani Supriansyah;20/03/2025 11:14;kenapa sekarang sudah tidak bisa pause atau jeda pengguna wifinya ya??;1;Google Play Store;;Negatif
Bang Sakkun;20/03/2025 00:53;mantap;5;Google Play Store;;Netral
Ishak Istiadi;19/03/2025 12:07;jaringannya mantap👍👍👍;5;Google Play Store;;Positif
jodi TN1;19/03/2025 04:11;the best;5;Google Play Store;;Netral
Zan Rumuar;19/03/2025 02:04;apakah aplikasi starlink tidak bisa di pasang di PC/Laptop;2;Google Play Store;;Negatif
abdul rifai;18/03/2025 16:07;mantap;5;Google Play Store;;Netral
satar asniar;18/03/2025 16:01;Recommended ....;5;Google Play Store;;Netral
Melky Arumpone;18/03/2025 15:04;mantap;5;Google Play Store;;Netral
Starlink Pribadi;18/03/2025 14:29;tidak terhubung kerouter;5;Google Play Store;;Negatif
Linda Amal;18/03/2025 07:53;lumayan lah untuk rumahan, Thanks 👍🏼👍🏼👍🏼;5;Google Play Store;;Positif
Bone Bugis;18/03/2025 00:57;kencang seperti DT 340 fadli ranegan;5;Google Play Store;;Positif
Muhammad Ali;17/03/2025 08:26;Mantap;5;Google Play Store;;Netral
Odix Mart99;15/03/2025 13:47;Kenapa akhir-akhir ini jaringan Starlink lambat sekali alias lelet, mulai payah, mohon diperbaiki lagi jaringannya;2;Google Play Store;;Positif
BAGUS 01;14/03/2025 17:48;Terbaik..tolong di kasih opsi penerjamah bahasa ke semua negara dev;5;Google Play Store;;Positif
Murti Rasti;14/03/2025 11:53;saya suda punya starling jaringan nyaa sangat bagus;5;Google Play Store;;Positif
BASTINA YENSENEM;14/03/2025 07:23;kami sebagai pengguna puas karena internet kencang;5;Google Play Store;;Netral
Yepi Diaz;14/03/2025 06:01;Apliksinya mudah digunakan tapi lama-lama kok berat dan saat lihat penghalangnya tidak tampil titi titik, kosong tidak seprti sebelumnya. Mohon segera diperbaiki, terlihat seperti perusahaan amatir. (Redmi Note 11)?;5;Google Play Store;;Positif
Natan Natan;14/03/2025 04:12;mantap;5;Google Play Store;;Netral
Herryananda “Nanda”;14/03/2025 03:07;Nice;5;Google Play Store;;Netral
Ipul Sindi;13/03/2025 21:54;hebat;5;Google Play Store;;Positif
oktovianus galampo;13/03/2025 14:08;kerenlah;5;Google Play Store;;Netral
Rido Lubis;13/03/2025 12:31;sangat membantu;5;Google Play Store;;Positif
GUNAS ART NETWORK;13/03/2025 03:43;Untuk saat ini is the best;5;Google Play Store;;Netral
Stein Masinambow;13/03/2025 02:23;Sangat membantu kami karyawan yg berada di papua barat.dulu yg tdk ada internet, skarang dgn adanya STARLINK internetx jadi Lancar Jaya.Paketnya Sangat murah,apalagi patungan dgn teman2 pembayaran'nya jadi ringan.... 👉Buat yg sering di Bobol masuk di aplikasi STARLINK saran sya pakai MIKROTIK saja, jadi teman2 yg mau iseng2 Restar Ruter atau pun Antena-nya bakalan tdk bisa konek... 💫🌟STARLINK Mantap👍👍👍👍;5;Google Play Store;;Positif
Purnamasari;12/03/2025 18:04;mantab;5;Google Play Store;;Positif
Juliansyah _Urang Belayan;12/03/2025 14:42;sangat terbantu utk kami² dipelosok Kalimantan. saran saja kalo bisa, dibuatkan tarif buat sekolah² kecil yang siswanya dibawah 100 Orang. kasihan sekolah kecil anggaran dari pemerintahnya juga kecil. agak keteteran sih dengan berlangganan. tapi tentu tidak ada pilihan lain terutama kalo di pelosok dan daerah 3T. seperti halnya tarif listrik dibuat demikaian. kalo terdaftra sebagai sekolah maka tarifnya akan disubsidi. hitung² bantuan soaial dari starlink🙏;5;Google Play Store;;Positif
Muhammad Suwaif;12/03/2025 11:08;luar biasa internetnya 🤟;5;Google Play Store;;Negatif
Hendra Mambang;12/03/2025 00:45;mudah di mengerti;3;Google Play Store;;Positif
Aulia Octova;11/03/2025 21:03;Bagus keren si ini;5;Google Play Store;;Positif
Rajanya Madura;10/03/2025 10:31;sangat baik;5;Google Play Store;;Positif
AndriTnke 2024;10/03/2025 09:21;bisa di andalkan....👍;5;Google Play Store;;Positif
Frexian Vistano;10/03/2025 08:18;good;5;Google Play Store;;Netral
Steven Ttt;10/03/2025 05:39;oke 👌;5;Google Play Store;;Netral
Julianti Poek;09/03/2025 18:09;memuaskan pokoknya, ada kendala apapun ditanganinnya cepat gk berbelit belit, tinggal buat tiket untuk keluhan dan masalah segera ditangani, sukses terus starlink.;5;Google Play Store;;Negatif
Awee Esyitihen;09/03/2025 12:33;mantappppppp;5;Google Play Store;;Netral
Herman Genuny;09/03/2025 06:58;Jaringan Starlink yang terbaik, jaringan mantap lancar jaya tidak lelet. pokoknya terbaik JARINGAN STARLINK;5;Google Play Store;;Positif
Gito Roland;09/03/2025 02:39;Sangat membantu;5;Google Play Store;;Positif
Aziiz Purnama;08/03/2025 14:13;bagus kencang;5;Google Play Store;;Positif
Rasti Oktavia;08/03/2025 13:41;sangat bagus starling dan muaskan;5;Google Play Store;;Positif
Hercules. Zhang888;08/03/2025 13:02;ok;5;Google Play Store;;Netral
Achmad Arrohman;08/03/2025 10:13;sangat memuaskan ..dan sangat mudah untuk menggunakan layanan starlink;5;Google Play Store;;Positif
Reno Reno;08/03/2025 08:31;sangat bagus;5;Google Play Store;;Positif
Saenudin Medang;08/03/2025 04:29;sangat membantu;5;Google Play Store;;Positif
Aladein Nadrendra;08/03/2025 01:31;🥰;5;Google Play Store;;Netral
Cristin Se;07/03/2025 23:30;sangat membantu,,,,;5;Google Play Store;;Positif
Intensif Care Unit;07/03/2025 15:20;terbaik spacex starlink;5;Google Play Store;;Positif
Robana Hariyo Mukti;07/03/2025 09:04;trims. sangat membantu kami yang kerja di tengah hutan;4;Google Play Store;;Positif
LT Tv [LeTith Tv];07/03/2025 04:30;Mau pasang bulanannya mahal banget,, Nunggu pesaingnya lah,, biasanya lebih murah;1;Google Play Store;;Negatif
Maun 29;06/03/2025 21:34;sangat bagus jaringan internet nya terbaik;5;Google Play Store;;Positif
Syifa Rumakelrat;06/03/2025 12:35;luar biasa sangat membantu;5;Google Play Store;;Negatif
Andri Dadi Ronald Djasing Amarang;06/03/2025 12:30;mantap;5;Google Play Store;;Netral
Muhammad Ishak;06/03/2025 00:45;good;5;Google Play Store;;Netral
Mulyani Anto;05/03/2025 08:28;membantu bagi daerah yang susah sinyal dan aplikasinya mudah dipahami;5;Google Play Store;;Positif
Santos Numberi;05/03/2025 01:47;sangat bermanfaat buat sobat daerah terpencil yg TDK mempunyai jaringan Telkomsel;5;Google Play Store;;Positif
Heri Purnomo;03/03/2025 22:37;saya sangat senang dengan starlink;5;Google Play Store;;Positif
CHRIS CHANEL 01;03/03/2025 16:20;poko nya mantap dah, thanks starlink;5;Google Play Store;;Netral
Dila Baker;03/03/2025 14:45;sangat membantu;5;Google Play Store;;Positif
Sakka Naila;03/03/2025 14:15;baik;5;Google Play Store;;Positif
Hafison Carpenter;03/03/2025 14:04;sangat cepat, tp belum stabil, kadang lelet juga.. mudahan kedepan koneksinya makin cepat dan stabil;4;Google Play Store;;Positif
Abidin Kilibia;03/03/2025 13:09;sangat bagus untuk digunakan hanya saja terkadang tidak dapat mengatur sandi dan nama Wi-Fi perlu untuk di kembangkan lagi apknya;5;Google Play Store;;Netral
Felyx Jrerrot;02/03/2025 11:23;👌 Daerah saya jauh dri Kota dn Signal hanya 2G. Akhirnya ada Starlink yg membantu;5;Google Play Store;;Netral
kiaka power;02/03/2025 08:08;the best;5;Google Play Store;;Netral
EGI PIRMAN;01/03/2025 14:15;sangat membantu untuk yang tinggal di pedalaman atau minim sinyal;5;Google Play Store;;Positif
Moogee Mugiyanto;28/02/2025 16:09;good;5;Google Play Store;;Netral
Wahyuddin Syarif;28/02/2025 09:59;Kereenn Kaka;5;Google Play Store;;Negatif
Kristian;27/02/2025 23:32;bagus;5;Google Play Store;;Positif
JJ JAK;27/02/2025 04:05;"Terutama di area susah sinyal dan 3T, Sangat"" membantu lebih simple. Semoga bisa di tingkatkan lagi hingga ke level yg lebih baik";4;Google Play Store;;Positif
rundee januarius;25/02/2025 00:45;aplikasi bagus, bisa dipakai untuk memantau perangkat dari jarak jauh;5;Google Play Store;;Positif
Geop Yuner;24/02/2025 13:18;Luar biasa;5;Google Play Store;;Negatif
Martin Rontini;24/02/2025 10:47;👍;5;Google Play Store;;Netral
Dik dik Jaya laksana;24/02/2025 06:22;mantap.;5;Google Play Store;;Netral
Novel Amador;23/02/2025 13:56;mantap;5;Google Play Store;;Netral
La Ode Yadin;23/02/2025 12:37;mantap,sangat membantu;4;Google Play Store;;Positif
Nanang Hariyadi;23/02/2025 11:35;mantap;5;Google Play Store;;Netral
Fahrul Ulum;23/02/2025 08:45;Gooood;5;Google Play Store;;Netral
asdy jelek;23/02/2025 04:22;Luar biasa.. untuk di pedalaman Papua mantap;5;Google Play Store;;Negatif
Mr POS Man;22/02/2025 16:42;mantap;5;Google Play Store;;Netral
Adri Lasmana;22/02/2025 14:47;thanks for all available for west kalimantan;5;Google Play Store;;Positif
Zayyan Adista Putra;22/02/2025 14:27;Jelek gak dapet wifi gratis 1000 gbps>:(;1;Google Play Store;;Netral
Al jauharoh 66;22/02/2025 13:58;mantap mantap mantap;5;Google Play Store;;Netral
Renita Julia;22/02/2025 13:31;sangat puass dan mantappp;5;Google Play Store;;Netral
dyama firand;22/02/2025 11:35;bagus;5;Google Play Store;;Positif
Suyono Vivo;22/02/2025 04:25;Bagus;5;Google Play Store;;Positif
Herry Lim;21/02/2025 11:42;Sering lelet di app ny sekarang ..;3;Google Play Store;;Netral
hirlabetang group;21/02/2025 07:58;Ookeeeee bangettt;5;Google Play Store;;Netral
Renzha Temor;20/02/2025 03:05;starlink sangat membantu saya di daerah 3 t khususnya akei besar Utara timur Maluku, dalam proses belajar mengajar di sekolah, trimakasih Starlink,;5;Google Play Store;;Positif
James Gerson Womsiwor;19/02/2025 13:04;mantap;5;Google Play Store;;Netral
Kmn al_varendra 01 Kelapa Lima;19/02/2025 12:34;terbaik;5;Google Play Store;;Positif
ikram adi putra;19/02/2025 11:07;good;5;Google Play Store;;Netral
Ubia Sermuku;18/02/2025 09:17;Sangat puas dengan pelayanan Starlink 😁;5;Google Play Store;;Netral
fadly abdul;18/02/2025 06:05;good;5;Google Play Store;;Netral
Ain Steven;18/02/2025 06:01;bagaimana caranya menginstal aplikasi starlink pada ponsel yang lain;5;Google Play Store;;Netral
Rusli Kamaruzzaman;16/02/2025 16:05;starlink benar benar canggih;5;Google Play Store;;Netral
Apwa Ardanus;16/02/2025 14:05;baik;5;Google Play Store;;Positif
Anderbound channel;16/02/2025 08:19;Pokoknya puas pake starlink gen 3;5;Google Play Store;;Netral
Irvan Sektor;15/02/2025 15:54;Terlalu mahal untuk rumah di kota;3;Google Play Store;;Negatif
Jumadil Thepu;15/02/2025 12:35;sangat memuaskan;5;Google Play Store;;Positif
ozy ajja;15/02/2025 06:09;mantap;5;Google Play Store;;Netral
andi pandangai;15/02/2025 03:35;sangat memuaskan;5;Google Play Store;;Positif
Syafrudin Husen;14/02/2025 15:23;kenapa harus pakai bahasa arab🔥;2;Google Play Store;;Netral
Andi Suandi;13/02/2025 14:39;jringan mantap;5;Google Play Store;;Positif
hasmiyati hasyim;13/02/2025 01:24;ok;5;Google Play Store;;Netral
Hendrik Nanariain;12/02/2025 23:22;sangat membantu untuk pengelolaan Starlink nya;5;Google Play Store;;Positif
Jalu Ganteng;12/02/2025 22:52;sangat baik;5;Google Play Store;;Positif
Dhadhe Noken;12/02/2025 14:14;mantulll mudah digunakan;5;Google Play Store;;Positif
Silviyana Coryson;12/02/2025 09:40;mantap 👍;5;Google Play Store;;Netral
gunawan senong;12/02/2025 05:01;The future;5;Google Play Store;;Netral
Alfredo456;11/02/2025 04:39;mantap;5;Google Play Store;;Netral
Dea Lova;09/02/2025 12:48;rubah sandi;5;Google Play Store;;Netral
prapto fardhan;08/02/2025 16:45;ok;5;Google Play Store;;Netral
Junita Mangiwa;08/02/2025 16:27;Amazing👍👍👍👍;5;Google Play Store;;Netral
Adios Wameno Kafiar;08/02/2025 15:06;Sangat Membantu sekali;5;Google Play Store;;Positif
Philips Gaspersz;08/02/2025 13:15;sangat membantu masyarakat di daerah perbatasan negara Indonesia Papua Nugini;5;Google Play Store;;Positif
Marn Diyan2008;08/02/2025 07:42;bagus;5;Google Play Store;;Positif
Tiasono Dingas;07/02/2025 22:41;mantap;5;Google Play Store;;Netral
PALIHAMA YOSRIR;07/02/2025 15:33;oke;5;Google Play Store;;Netral
Rhere Baay;07/02/2025 13:42;sangat puas;3;Google Play Store;;Netral
Vndo Kelelufna23;06/02/2025 05:25;kerennn;4;Google Play Store;;Netral
Afrida Gadi;06/02/2025 02:06;perfecto;5;Google Play Store;;Netral
Videl Ramos Salasa;05/02/2025 06:02;aplikasinya mantap..;5;Google Play Store;;Netral
112 Fermando Silvester Leskona;04/02/2025 11:53;Sangat bermanfaat;5;Google Play Store;;Positif
Bang Doo;03/02/2025 14:58;good;4;Google Play Store;;Netral
bambang tri mulyono;03/02/2025 14:06;bagus;5;Google Play Store;;Positif
Soarindu Hotspot;03/02/2025 12:42;🔥;5;Google Play Store;;Netral
Deny Putra;03/02/2025 11:43;mantap;5;Google Play Store;;Netral
Taufik Nur Makkaradja;03/02/2025 11:40;Mantap👍👍👍👍;5;Google Play Store;;Netral
Husain Alwi;02/02/2025 21:40;sangat membantu;5;Google Play Store;;Positif
Hamzah Logu;02/02/2025 14:31;best 👍👍👍👍;5;Google Play Store;;Netral
Starlink Paniai;02/02/2025 14:22;Mantan cuamwb akun susah masuk;5;Google Play Store;;Netral
jessica aja;02/02/2025 06:36;Starlink saya menjadi sangat lelet ketika mendekati 1 minggu sebelum pembayaran berikutnya...padahal test kecepatan speednya dapat 230 mbps tapi ketika mau download game di playstore malah kecepatnya tdk sampai 1mbps bahkan downloadnya tidak mau berjalan;1;Google Play Store;;Positif
Cahyo Hartono;01/02/2025 17:22;Best and maximal perfomence device! Keep on your best quality;5;Google Play Store;;Netral
Bail Pratama;01/02/2025 17:16;Mantap;5;Google Play Store;;Netral
Nano Haerudin;31/01/2025 15:33;Di pedalaman tembus sampai 150Mbps..kereen cuy;5;Google Play Store;;Negatif
Mas Dana;31/01/2025 09:59;ok;5;Google Play Store;;Netral
ADE LALA PAHAWAY;31/01/2025 06:27;oke, mantap 👍👍👍👍👍👍👍;5;Google Play Store;;Netral
andreas mayor;29/01/2025 16:50;mksh coba dlu ya;2;Google Play Store;;Netral
Ahmad Ramadoni;29/01/2025 14:14;perfect;5;Google Play Store;;Netral
